     	name	comment	
$BLANK		COMMENT: This file contains all the tutorial text from the game's map (level) files.	
$1_1_WHERE_AM_I_00_TITLE	TALK_$MCG_POWER		
$1_1_WHERE_AM_I_00_TEXT	我在哪？		
$1_1_WHERE_AM_I_10_TITLE			
$1_1_WHERE_AM_I_10_TEXT	这是你的角色 。$MCG.<N>她不能动。		
$1_1_WHERE_AM_I_20_TITLE			
$1_1_WHERE_AM_I_20_TEXT	敌人来了！<N>不要让他们接近 $MCG!		
$1_1_WHERE_AM_I_30_TITLE			
$1_1_WHERE_AM_I_30_TEXT	在新游戏+ 模式, 敌人会更强了，也有了新技能。		
$1_1_WHERE_AM_I_40_TITLE			
$1_1_WHERE_AM_I_40_TEXT	举例说，所有的亡灵都可恢复体力值。		
$1_1_WHERE_AM_I_50_TITLE	TALK_$MCG_POWER		
$1_1_WHERE_AM_I_50_TEXT	嘿！陌生人！你在哪？		
$1_1_WHERE_AM_I_60_TITLE			
$1_1_WHERE_AM_I_60_TEXT	点击这里选择狂战士菜单。		
$1_1_WHERE_AM_I_61_TITLE			
$1_1_WHERE_AM_I_61_TEXT	点击 <守护者> or <上> 去选择狂战士菜单。		
$1_1_WHERE_AM_I_70_TITLE			
$1_1_WHERE_AM_I_70_TEXT	现在你只有你的狂战士。当你遇见故事中的第二位英雄时，你就可以解锁那个职业的所有角色。		
$1_1_WHERE_AM_I_80_TITLE	TALK_$BER_SURPRISE		
$1_1_WHERE_AM_I_80_TEXT	你对我做了什么？！		
$1_1_WHERE_AM_I_90_TITLE	TALK_$MCG_POWER		
$1_1_WHERE_AM_I_90_TEXT	我不知道！有怪物在追我！救命啊！		
$1_1_WHERE_AM_I_100_TITLE	TALK_$BER_SURPRISE		
$1_1_WHERE_AM_I_100_TEXT	为什么我会变成透明呢？我的身体呢？		
$1_1_WHERE_AM_I_110_TITLE			
$1_1_WHERE_AM_I_110_TEXT	这里显示你的队伍中所有的狂战士。<N>现在你只有这个人了。		
$1_1_WHERE_AM_I_120_TITLE			
$1_1_WHERE_AM_I_120_TEXT	点选这里去选择他。		
$1_1_WHERE_AM_I_121_TITLE			
$1_1_WHERE_AM_I_121_TEXT	按 <下>, 然后 <选择>去选择他。		
$1_1_WHERE_AM_I_130_TITLE			
$1_1_WHERE_AM_I_130_TEXT	你的旧角色拥有所有来自最好一盘游戏的力量，技能和所有装备。		
$1_1_WHERE_AM_I_140_TITLE	TALK_$MCG_POWER		
$1_1_WHERE_AM_I_140_TEXT	我大喊了出来?? 我感觉到你在我的心中??		
$1_1_WHERE_AM_I_150_TITLE	TALK_$MCG_POWER		
$1_1_WHERE_AM_I_150_TEXT	别溜走了！我必须集中！		
$1_1_WHERE_AM_I_160_TITLE	TALK_$MCG_POWER		
$1_1_WHERE_AM_I_160_TEXT	如果我能集中精神-或许我可以带你去那里呢！		
$1_1_WHERE_AM_I_170_TITLE	TALK_$BER_SURPRISE		
$1_1_WHERE_AM_I_170_TEXT	呃…...可以		
$1_1_WHERE_AM_I_180_TITLE	TALK_$BER_LOOKBACK		
$1_1_WHERE_AM_I_180_TEXT	我不应该吃掉那碗炖蜥蜴?? 		
$1_1_WHERE_AM_I_190_TITLE			
$1_1_WHERE_AM_I_190_TEXT	点击这里放置你的守护者。<N><N>这是个好位置啊！		
$1_1_WHERE_AM_I_191_TITLE			
$1_1_WHERE_AM_I_191_TEXT	用<TILE_MOVE> 来移动, 然后 按<SELECT>去放置.<N><N>真是个好位置啊！		
$1_1_WHERE_AM_I_200_TITLE	TALK_$BER_SMILE		
$1_1_WHERE_AM_I_200_TEXT	嘿！<N>这就像样了！		
$1_1_WHERE_AM_I_210_TITLE			
$1_1_WHERE_AM_I_210_TEXT	$MCG 用能量去召唤守护者。<N>杀敌可以补充你的能量能量。		
$1_1_WHERE_AM_I_220_TITLE	TALK_$MCG_POWER		
$1_1_WHERE_AM_I_220_TEXT	太好了！<N>现在就做些事吧！		
$1_1_WHERE_AM_I_230_TITLE	TALK_$BER_SMILE		
$1_1_WHERE_AM_I_230_TEXT	那是什么？你说呢～<N>用充满男性魅力的暴力来诱惑你？		
$1_1_WHERE_AM_I_240_TITLE	TALK_$BER_DERANGED		
$1_1_WHERE_AM_I_240_TEXT	我这样做的话，别介意啊！		
$1_1_WHERE_AM_I_250_TITLE			
$1_1_WHERE_AM_I_250_TEXT	守护者不能移动<N>但会自动攻击敌人。		
$1_1_WHERE_AM_I_260_TITLE			
$1_1_WHERE_AM_I_260_TEXT	游戏现在暂停。		
$1_1_WHERE_AM_I_270_TITLE			
$1_1_WHERE_AM_I_270_TEXT	点击这里开始。		
$1_1_WHERE_AM_I_271_TITLE			
$1_1_WHERE_AM_I_271_TEXT	按<暂停> 来开始		
$1_1_WHERE_AM_I_280_TITLE	TALK_$BER_DERANGED		
$1_1_WHERE_AM_I_280_TEXT	来吧！毛也未长齐的小鬼！<N>掏膛的在等着呢！		
$1_1_WHERE_AM_I_290_TITLE	TALK_$BER_LOOKBACK		
$1_1_WHERE_AM_I_290_TEXT	这真棒！但我总觉得我可以干得更好！		
$1_1_WHERE_AM_I_300_TITLE	TALK_$BER_LOOKBACK		
$1_1_WHERE_AM_I_300_TEXT	你确定你把我的身体全灭了嘛？没有任何......遗漏？		
$1_1_WHERE_AM_I_310_TITLE	TALK_$MCG_POWER		
$1_1_WHERE_AM_I_310_TEXT	我觉得我可以把更多的能量传给你......		
$1_1_WHERE_AM_I_320_TITLE			
$1_1_WHERE_AM_I_320_TEXT	这是 $BER的能量棒。它会让你更强更快。		
$1_1_WHERE_AM_I_330_TITLE			
$1_1_WHERE_AM_I_330_TEXT	在补充第二阶，$BER可以用第二个技能，双打击。		
$1_1_WHERE_AM_I_340_TITLE			
$1_1_WHERE_AM_I_340_TEXT	现在就点击补充！<N>你不会后悔的！		
$1_1_WHERE_AM_I_341_TITLE			
$1_1_WHERE_AM_I_341_TEXT	按补充和 <选择>!<N>你不会后悔的！		
$1_1_WHERE_AM_I_350_TITLE	TALK_$BER_DERANGED		
$1_1_WHERE_AM_I_350_TEXT	这就像样了！		
$1_2_THE_SHADOW_WORLD_00_TITLE	TALK_$MCG_POWER		
$1_2_THE_SHADOW_WORLD_00_TEXT	$BER! 这有效啊！		
$1_2_THE_SHADOW_WORLD_10_TITLE	TALK_$MCG_POWER		
$1_2_THE_SHADOW_WORLD_10_TEXT	我回到一个奇怪的地方?? 这是一个中途的地方?? 		
$1_2_THE_SHADOW_WORLD_20_TITLE	TALK_$BER_SURPRISE		
$1_2_THE_SHADOW_WORLD_20_TEXT	带我进来，我在太空中漂浮着呢！		
$1_2_THE_SHADOW_WORLD_30_TITLE			
$1_2_THE_SHADOW_WORLD_30_TEXT	记住，<N>点击这里选择狂战士菜单。		
$1_2_THE_SHADOW_WORLD_31_TITLE			
$1_2_THE_SHADOW_WORLD_31_TEXT	记住，<N>按 <守护者> 或是 <上> 去选择狂战士菜单。		
$1_2_THE_SHADOW_WORLD_40_TITLE	TALK_$BER_SMILE		
$1_2_THE_SHADOW_WORLD_40_TEXT	噢耶！一起起舞吧！		
$1_2_THE_SHADOW_WORLD_50_TITLE			
$1_2_THE_SHADOW_WORLD_50_TEXT	点击$BER 来选择他。		
$1_2_THE_SHADOW_WORLD_51_TITLE			
$1_2_THE_SHADOW_WORLD_51_TEXT	用<TILE_MOVE> 与 <SELECT> 来选择 $BER.		
$1_2_THE_SHADOW_WORLD_60_TITLE			
$1_2_THE_SHADOW_WORLD_60_TEXT	这些按钮都是指示$BER要攻击那一个敌人。		
$1_2_THE_SHADOW_WORLD_70_TITLE			
$1_2_THE_SHADOW_WORLD_70_TEXT	记住，用这些按钮<N>来将时间加速或是减慢。		
$1_2_THE_SHADOW_WORLD_80_TITLE	提示		
$1_2_THE_SHADOW_WORLD_80_TEXT	在时间暂停的时候，你们都可以操作。<N>用 <PAUSE> 来快速暂停。		
$1_2_THE_SHADOW_WORLD_90_TITLE			
$1_2_THE_SHADOW_WORLD_90_TEXT	别忘了补充 $BER.<N>这是重要的策略啊！		
$1_2_THE_SHADOW_WORLD_91_TITLE			
$1_2_THE_SHADOW_WORLD_91_TEXT	别忘了用<SELECT>去补充 $BER。<N>这是重要的策略啊！		
$1_2_THE_SHADOW_WORLD_100_TITLE	TALK_$BER_DERANGED		
$1_2_THE_SHADOW_WORLD_100_TEXT	噢耶！<N>感受我的力量吧！		
$1_2_THE_SHADOW_WORLD_110_TITLE			
$1_2_THE_SHADOW_WORLD_110_TEXT	OH NO!啊！不要！<N>$BER 不能达到下一波的敌人！		
$1_2_THE_SHADOW_WORLD_120_TITLE			
$1_2_THE_SHADOW_WORLD_120_TEXT	用$MCG的闪电咒去攻击他们！		
$1_2_THE_SHADOW_WORLD_121_TITLE			
$1_2_THE_SHADOW_WORLD_121_TEXT	用$MCG的闪电咒去攻击他们！<N>按 <咒语>, 然后 <选择>.		
$1_2_THE_SHADOW_WORLD_130_TITLE			
$1_2_THE_SHADOW_WORLD_130_TEXT	太好了！<N>用闪电把滑过的敌人击落吧！		
$1_2_THE_SHADOW_WORLD_140_TITLE			
$1_2_THE_SHADOW_WORLD_140_TEXT	但使用时要谨慎，<N>它的使用是需要能量的。		
$1_3_COLISEUM_1_00_TITLE	TALK_$RAN_NORMAL		
$1_3_COLISEUM_1_00_TEXT	没有搞错吧！ 你在干嘛呢？		
$1_3_COLISEUM_1_10_TITLE	TALK_$BER_SMILE		
$1_3_COLISEUM_1_10_TEXT	感觉很奇怪，是吗？		
$1_3_COLISEUM_1_20_TITLE	TALK_$RAN_NORMAL		
$1_3_COLISEUM_1_20_TEXT	我觉得??我好像得了瘟疫??		
$1_3_COLISEUM_1_30_TITLE	TALK_$RAN_NORMAL		
$1_3_COLISEUM_1_30_TEXT	当我觉得我快要死啦??		
$1_3_COLISEUM_1_40_TITLE	TALK_$RAN_NORMAL		
$1_3_COLISEUM_1_40_TEXT	我的一只脚都要踏进去了??		
$1_3_COLISEUM_1_50_TITLE	TALK_$BER_DERANGED		
$1_3_COLISEUM_1_50_TEXT	哼！与其等死，倒不如杀出去！		
$1_3_COLISEUM_1_60_TITLE	TALK_$BER_SMILE		
$1_3_COLISEUM_1_60_TEXT	整体来看，还是比等死好！		
$1_3_COLISEUM_1_70_TITLE	游侠		
$1_3_COLISEUM_1_70_TEXT	$MCG 可以在狂战士和游侠两个职业之间选择。		
$1_3_COLISEUM_1_80_TITLE			
$1_3_COLISEUM_1_80_TEXT	把滑鼠移动到敌人群上获取更多讯息。		
$1_3_COLISEUM_1_90_TITLE			
$1_3_COLISEUM_1_90_TEXT	举例说，这些红色的敌人会反击的！		
$1_3_COLISEUM_1_100_TITLE			
$1_3_COLISEUM_1_100_TEXT	另外，留意这个图案。这一波的怪可会复活的。		
$1_4_COLISEUM_2_00_TITLE			
$1_4_COLISEUM_2_00_TEXT	如果你雇用更多的狂战士，<N>$MCG 可以在狂战士菜单中召唤他们至中途世界。		
$1_4_COLISEUM_2_10_TITLE	提时		
$1_4_COLISEUM_2_10_TEXT	$BER 依然是你最好的战士- <N>使用他的“双击“来提升他的数值。		
$2_2_UNDEAD_RANGERS_00_TITLE			
$2_2_UNDEAD_RANGERS_00_TEXT	这些不死的游侠有更长的攻击距离，要小心计划啊！		
$2_4_MONASTERY_00_TITLE	召回中		
$2_4_MONASTERY_00_TEXT	你可以把守护者从战场上召回，<N>再赚一些能量，然后把他们放在其他位置。		
$2_4_MONASTERY_10_TITLE	召回中		
$2_4_MONASTERY_10_TEXT	这样做的话，选择一个守护者，点击k <LQ>召回,<RQ> 或是按 <召回>.		
$2_4_MONASTERY_20_TITLE	全额退款		
$2_4_MONASTERY_20_TEXT	在第一波敌人到达之前，<N>召回他们可以退回100%的能量。		
$3_1_TO_THE_PASS_00_TITLE	TALK_$HEA_NORMAL		
$3_1_TO_THE_PASS_00_TEXT	那家医院在河的对面??		
$3_1_TO_THE_PASS_10_TITLE	TALK_$MCG_POWER		
$3_1_TO_THE_PASS_10_TEXT	我感觉到它们??它们知道我在这里。		
$3_1_TO_THE_PASS_20_TITLE	TALK_$BER_SMILE		
$3_1_TO_THE_PASS_20_TEXT	冷静, $MCG!我们可以在河的远处躲起来！		
$3_1_TO_THE_PASS_30_TITLE	TALK_$BER_SMILE		
$3_1_TO_THE_PASS_30_TEXT	我说的<LQ>躲起来<RQ> 我指的是 <LQ>杀过去<RQ> ，至于 <LQ>河的远处<RQ> ，我指的是??		
$3_1_TO_THE_PASS_40_TITLE	TALK_$BER_DERANGED		
$3_1_TO_THE_PASS_40_TEXT	<LQ>任何会动的东西！！！<RQ>		
$3_1_TO_THE_PASS_50_TITLE	TALK_$MCG_POWER		
$3_1_TO_THE_PASS_50_TEXT	等等??只有我吗？还是真的是有东西在游泳？		
$3_1_TO_THE_PASS_60_TITLE	TALK_$BER_SMILE		
$3_1_TO_THE_PASS_60_TEXT	更像狗在过河，你游得太丑啦！		
$3_1_TO_THE_PASS_70_TITLE	TALK_$BER_DERANGED		
$3_1_TO_THE_PASS_70_TEXT	你听到嘛？我说你是狗！		
$3_1_TO_THE_PASS_80_TITLE	TALK_$RAN_NORMAL		
$3_1_TO_THE_PASS_80_TEXT	你知道什么叫狗嘴长不出象牙吗？		
$3_1_TO_THE_PASS_90_TITLE	TALK_$BER_SMILE		
$3_1_TO_THE_PASS_90_TEXT	这可是我最厉害的武器！		
$3_2_HOSPITAL_ATTACK_00_TITLE			
$3_2_HOSPITAL_ATTACK_00_TEXT	冰霜法师可以减慢敌人的速度，这对短距离和敏捷的敌人非常有效。		
$3_2_HOSPITAL_ATTACK_10_TITLE	TALK_$MAG_FRIENDLY		
$3_2_HOSPITAL_ATTACK_10_TEXT	现在我的内心唱起了战曲。		
$3_2_HOSPITAL_ATTACK_20_TITLE	TALK_$MAG_FROWN		
$3_2_HOSPITAL_ATTACK_20_TEXT	我们看看为火服务的冰??		
$3_2_HOSPITAL_ATTACK_30_TITLE	TALK_$MAG_PISSED		
$3_2_HOSPITAL_ATTACK_30_TEXT	让我们的敌人淹死在它们自己的血中吧。		
$3_4_ARMORED_CREEPS_00_TITLE			
$3_4_ARMORED_CREEPS_00_TEXT	这些亡灵的盔甲可以它们挡住不少伤害。		
$3_4_ARMORED_CREEPS_10_TITLE	TALK_$BER_DERANGED		
$3_4_ARMORED_CREEPS_10_TEXT	嘿侏儒！真正的男人可以赤膊上阵啊！		
$3_4_ARMORED_CREEPS_20_TITLE	TALK_$RAN_NORMAL		
$3_4_ARMORED_CREEPS_20_TEXT	哎，如果它们想一起上，让它们来吧！		
$3_4_ARMORED_CREEPS_30_TITLE	TALK_$RAN_NORMAL		
$3_4_ARMORED_CREEPS_30_TEXT	越少的僵尸化??越少的乱七八糟让我看就越好。		
$3_4_ARMORED_CREEPS_40_TITLE	TALK_$BER_SURPRISE		
$3_4_ARMORED_CREEPS_40_TEXT	我知道我是十项全能，但我要如何来对付这些被盔甲保护的敌人呢？		
$3_4_ARMORED_CREEPS_50_TITLE	TALK_$HEA_NORMAL		
$3_4_ARMORED_CREEPS_50_TEXT	我有个好主意！		
$3_4_ARMORED_CREEPS_60_TITLE	TALK_$HEA_NORMAL		
$3_4_ARMORED_CREEPS_60_TEXT	$MCG, 当敌人经过那些晶石石，攻击其中一颗吧！		
$3_5_MEET_THE_KNIGHT_00_TITLE			
$3_5_MEET_THE_KNIGHT_00_TEXT	这骑士有打破盔甲的技能，每攻击一下就会减弱盔甲的防护。		
$3_5_MEET_THE_KNIGHT_10_TITLE	TALK_$KNI_NORMAL		
$3_5_MEET_THE_KNIGHT_10_TEXT	我可以打碎这些怪物的盔甲！		
$3_5_MEET_THE_KNIGHT_20_TITLE	TALK_$KNI_SQUINT		
$3_5_MEET_THE_KNIGHT_20_TEXT	...... 如果......我有一个身体......		
$3_5_MEET_THE_KNIGHT_30_TITLE	TALK_$KNI_SQUINT		
$3_5_MEET_THE_KNIGHT_30_TEXT	发生什么事？		
$3_6_INTO_THE_CITY_00_TITLE	TALK_$MCG_POWER		
$3_6_INTO_THE_CITY_00_TEXT	$BER, 你在搞什么啊?!		
$3_6_INTO_THE_CITY_10_TITLE	TALK_$BER_DERANGED		
$3_6_INTO_THE_CITY_10_TEXT	这是真男人的战争！		
$3_6_INTO_THE_CITY_20_TITLE	TALK_$MCG_POWER		
$3_6_INTO_THE_CITY_20_TEXT	现在给我穿上裤子！		
$3_6_INTO_THE_CITY_30_TITLE	TALK_$BER_DERANGED		
$3_6_INTO_THE_CITY_30_TEXT	永不！		
$3_6_INTO_THE_CITY_40_TITLE	TALK_$MCG_POWER		
$3_6_INTO_THE_CITY_40_TEXT	现在就做！否则我不会拉你入队。		
$3_6_INTO_THE_CITY_50_TITLE	TALK_$BER_SMILE		
$3_6_INTO_THE_CITY_50_TEXT	......好吧		
$3_11_CITADEL_BOSS_00_TITLE	TALK_$BER_SMILE		
$3_11_CITADEL_BOSS_00_TEXT	我看不见的敌人我该如何打呢？！		
$3_11_CITADEL_BOSS_10_TITLE	TALK_$HEA_NORMAL		
$3_11_CITADEL_BOSS_10_TEXT	它们看起来会制造包围自己的毒云。		
$3_11_CITADEL_BOSS_20_TITLE	TALK_$MCG_POWER		
$3_11_CITADEL_BOSS_20_TEXT	我们该如何摆脱它们呢？		
$3_11_CITADEL_BOSS_30_TITLE	TALK_$HEA_NORMAL		
$3_11_CITADEL_BOSS_30_TEXT	我想我可以消除这种黑暗......不过只有一小会儿。		
$3_11_CITADEL_BOSS_40_TITLE	TALK_$BER_DERANGED		
$3_11_CITADEL_BOSS_40_TEXT	这就是我需要的。		
$3_13_DESTROY_CITY_00_TITLE	TALK_ZELEMIR_POWER		
$3_13_DESTROY_CITY_00_TEXT	够了！		
$3_13_DESTROY_CITY_10_TITLE	TALK_ZELEMIR_POWER		
$3_13_DESTROY_CITY_10_TEXT	就在这里终止吧。		
$3_13_DESTROY_CITY_20_TITLE	TALK_ZELEMIR_POWER		
$3_13_DESTROY_CITY_20_TEXT	你觉得这些小伤口就可以打倒我？		
$3_13_DESTROY_CITY_30_TITLE	TALK_$HEA_NORMAL		
$3_13_DESTROY_CITY_30_TEXT	不，但这座倒塌的城会！		
$3_13_DESTROY_CITY_40_TITLE	TALK_$HEA_NORMAL		
$3_13_DESTROY_CITY_40_TEXT	这些矿物会与你的疯狂一起被埋葬。		
$3_13_DESTROY_CITY_50_TITLE	TALK_ZELEMIR_POWER		
$3_13_DESTROY_CITY_50_TEXT	兄弟......我所做的一切...... 你该明白...... 		
$3_13_DESTROY_CITY_60_TITLE	TALK_$HEA_NORMAL		
$3_13_DESTROY_CITY_60_TEXT	我知道你已经死了。		
$3_13_DESTROY_CITY_70_TITLE	TALK_$BER_DERANGED		
$3_13_DESTROY_CITY_70_TEXT	是啊！死亡可不是什么好滋味啊！你这个穿长袍的臭小子！		
$4_1_EZTLIS_FORCES_00_TITLE			
$4_1_EZTLIS_FORCES_00_TEXT	这些古怪的邪教徒会变成令人畏惧的强大亡灵。移动缓慢但足以致命，只有众多的守护者联合起来才可以打败它们。		
$4_2_WIZARDS_REALM_00_TITLE	TALK_$RAN_SQUINT		
$4_2_WIZARDS_REALM_00_TEXT	这东西到底是什么玩意儿啊！		
$4_2_WIZARDS_REALM_10_TITLE	TALK_$RAN_SQUINT		
$4_2_WIZARDS_REALM_10_TEXT	它看起来快要爆开！		
$4_2_WIZARDS_REALM_20_TITLE	TALK_$BER_SMILE		
$4_2_WIZARDS_REALM_20_TEXT	是啊，看起来就像我那次大吃变坏了的炖牛肉一样?? 		
$4_2_WIZARDS_REALM_30_TITLE	TALK_$BER_LOOKBACK		
$4_2_WIZARDS_REALM_30_TEXT	除了这些吐出来的是那些亡灵小怪吧?? 而不是??		
$4_2_WIZARDS_REALM_40_TITLE	TALK_$RAN_SERIOUSLY		
$4_2_WIZARDS_REALM_40_TEXT	好啦好啦??我们都知道啦。		
$4_5_RIGHT_HAND_00_TITLE	TALK_CULTIST_PRIEST		
$4_5_RIGHT_HAND_00_TEXT	死亡降临！		
$4_5_RIGHT_HAND_10_TITLE	TALK_$BER_SURPRISE		
$4_5_RIGHT_HAND_10_TEXT	那......是......一只大...... 手吗？		
$4_5_RIGHT_HAND_20_TITLE	TALK_$BER_LOOKBACK		
$4_5_RIGHT_HAND_20_TEXT	那里是否有些大得不寻常的身体部分从地下爬出来吗？		
$4_5_RIGHT_HAND_30_TITLE	TALK_CULTIST_PRIEST		
$4_5_RIGHT_HAND_30_TEXT	死吧！		
$4_5_RIGHT_HAND_40_TITLE	TALK_$BER_SURPRISE		
$4_5_RIGHT_HAND_40_TEXT	韦飞! 你回来啦?!!		
$4_5_RIGHT_HAND_50_TITLE	TALK_$BER_DERANGED		
$4_5_RIGHT_HAND_50_TEXT	过来这里让我杀你！		
$4_5_RIGHT_HAND_60_TITLE	TALK_CULTIST_PRIEST		
$4_5_RIGHT_HAND_60_TEXT	这些愚蠢的人竟然相信战争完结了??		
$4_5_RIGHT_HAND_70_TITLE	TALK_CULTIST_PRIEST		
$4_5_RIGHT_HAND_70_TEXT	但这些烂肉一般的生物和堕落的灵魂不是他们生前所相信的吧。		
$4_5_RIGHT_HAND_80_TITLE	TALK_CULTIST_PRIEST		
$4_5_RIGHT_HAND_80_TEXT	充满了主人的热情......我是艾斯理-特诺奇的右手......		
$4_5_RIGHT_HAND_90_TITLE	TALK_CULTIST_PRIEST		
$4_5_RIGHT_HAND_90_TEXT	我就是死亡。		
$4_5_RIGHT_HAND_91_TITLE	TALKSYMBOLS_CULTIST_PRIEST		
$4_5_RIGHT_HAND_91_TEXT	让我成为你的孩子。		
$4_5_RIGHT_HAND_100_TITLE	TALK_ZELEMIR_POWER		
$4_5_RIGHT_HAND_100_TEXT	够了吧。		
$4_5_RIGHT_HAND_110_TITLE	TALK_$MCG_POWER		
$4_5_RIGHT_HAND_110_TEXT	舍理米尔?! 你在这里干嘛?		
$4_5_RIGHT_HAND_120_TITLE	TALK_ZELEMIR_POWER		
$4_5_RIGHT_HAND_120_TEXT	在救你啊！		
$12_4_FINAL_00_TITLE	TALK_$MCG_POWER		
$12_4_FINAL_00_TEXT	舍理米尔?		
$12_4_FINAL_10_TITLE	TALK_ZELEMIR_WOUNDED		
$12_4_FINAL_10_TEXT	要我看着一直对抗的怪物逃走，我无法坐视不理！		
$12_4_FINAL_20_TITLE	TALK_$MAG_PISSED		
$12_4_FINAL_20_TEXT	你这个凶手！你以为我们会......		
$12_4_FINAL_30_TITLE	TALK_ZELEMIR_WOUNDED		
$12_4_FINAL_30_TEXT	这不是时候！非它死就死我们亡！		
$12_4_FINAL_40_TITLE	TALK_ZELEMIR_WOUNDED		
$12_4_FINAL_40_TEXT	之后，你就可以尽情报复了。		
$12_4_FINAL_50_TITLE	TALK_$MCG_POWER		
$12_4_FINAL_50_TEXT	没用的！他们魔法会保护他！		
$12_4_FINAL_60_TITLE	TALK_$MCG_POWER		
$12_4_FINAL_60_TEXT	那我们可以怎样做？		
$12_4_FINAL_70_TITLE	TALK_NOMAD_MALE_1		
$12_4_FINAL_70_TEXT	女士，我们还陪着你呢??		
$12_4_FINAL_80_TITLE	TALK_ASH_FEMALE_1		
$12_4_FINAL_80_TEXT	直到今天，你一直都将你的力量借给我们。		
$12_4_FINAL_90_TITLE	TALK_QUAID_MALE_1		
$12_4_FINAL_90_TEXT	现在我就把我们的借给你吧！		
$12_4_FINAL_100_TITLE			
$12_4_FINAL_100_TEXT	第一次，<N>$MCG 的力量可以提高！		
$12_4_FINAL_110_TITLE			
$12_4_FINAL_110_TEXT	用这力量来打败艾斯理-特诺奇！		
$12_4_FINAL_120_TITLE	TALK_NOMAD_FEMALE_1		
$12_4_FINAL_120_TEXT	女士，让我们帮你吧??		
$12_4_FINAL_130_TITLE	TALK_NOMAD_FEMALE_2		
$12_4_FINAL_130_TEXT	女士，我们会为你祈祷??		
$12_4_FINAL_140_TITLE	TALK_QUAID_MALE_2		
$12_4_FINAL_140_TEXT	这是我们所有的力量??		
$12_4_FINAL_150_TITLE	TALK_$MCG_POWER		
$12_4_FINAL_150_TEXT	合而为一吧！		
$12_4_FINAL_160_TITLE	TALK_EZTLI-TENOCH_NORMAL		
$12_4_FINAL_160_TEXT	我难道还要对牛弹琴吗？		
$12_4_FINAL_170_TITLE	TALK_EZTLI-TENOCH_NORMAL		
$12_4_FINAL_170_TEXT	那些愚笨的人祈求我成为他们的神，现在又用空洞的威胁，又跺脚又对天挥拳，毫无意义。		
$12_4_FINAL_171_TITLE	TALK_EZTLI-TENOCH_NORMAL		
$12_4_FINAL_171_TEXT	我一直都希望??		
$12_4_FINAL_172_TITLE	TALK_EZTLI-TENOCH_NORMAL		
$12_4_FINAL_172_TEXT	不！		
$12_4_FINAL_180_TITLE	TALK_EZTLI-TENOCH_NORMAL		
$12_4_FINAL_180_TEXT	在哪个世界你可以面对我呢？		
$12_4_FINAL_190_TITLE	TALK_EZTLI-TENOCH_NORMAL		
$12_4_FINAL_190_TEXT	我是艾斯理-特诺奇！		
$12_4_FINAL_200_TITLE	TALK_$MCG_POWER		
$12_4_FINAL_200_TEXT	你是一个伟大的存在，福泽万人。		
$12_4_FINAL_210_TITLE	TALK_$MCG_POWER		
$12_4_FINAL_210_TEXT	但众人都聚合在我之内。		
$12_4_FINAL_220_TITLE	TALK_$MCG_POWER		
$12_4_FINAL_220_TEXT	我就是他们的代表。		
$12_4_FINAL_230_TITLE	TALK_$MCG_POWER		
$12_4_FINAL_230_TEXT	我们会一起打败你。		
$12_4_FINAL_240_TITLE	TALK_EZTLI-TENOCH_NORMAL		
$12_4_FINAL_240_TEXT	愚蠢！		
$12_4_FINAL_250_TITLE	TALK_EZTLI-TENOCH_NORMAL		
$12_4_FINAL_250_TEXT	这可是我的空间。		
$12_4_FINAL_260_TITLE	TALK_EZTLI-TENOCH_NORMAL		
$12_4_FINAL_260_TEXT	你也许可以战抖着步入中途世界吧??		
$12_4_FINAL_270_TITLE	TALK_EZTLI-TENOCH_NORMAL		
$12_4_FINAL_270_TEXT	??但只有我可以走灵魂之道。		
$12_4_FINAL_280_TITLE	TALK_$MCG_POWER		
$12_4_FINAL_280_TEXT	发生什么事了？		
$12_4_FINAL_290_TITLE	TALK_$HEA_NORMAL		
$12_4_FINAL_290_TEXT	他直接走进??另外一头??		
$12_4_FINAL_300_TITLE	TALK_$HEA_NORMAL		
$12_4_FINAL_300_TEXT	我不能从中途世界中找到他。		
$12_4_FINAL_310_TITLE	TALK_ZELEMIR_WOUNDED		
$12_4_FINAL_310_TEXT	那边好像有条路啊......		
$12_4_FINAL_320_TITLE	TALK_ZELEMIR_WOUNDED		
$12_4_FINAL_320_TEXT	$MCG, 你就像我一样......你可以把其他人带入中途世界......		
$12_4_FINAL_330_TITLE	TALK_ZELEMIR_WOUNDED		
$12_4_FINAL_330_TEXT	但这里的所有人......都将他们的力量借给我们了......		
$12_4_FINAL_340_TITLE	TALK_ZELEMIR_WOUNDED		
$12_4_FINAL_340_TEXT	我能感受到......		
$12_4_FINAL_350_TITLE	TALK_ZELEMIR_WOUNDED		
$12_4_FINAL_350_TEXT	集中我们所有的力量，那我就可以完全进入另外一个世界......		
$12_4_FINAL_360_TITLE	TALK_ZELEMIR_WOUNDED		
$12_4_FINAL_360_TEXT	那里我就可以消灭那卑鄙的巫师！		
$12_4_FINAL_370_TITLE	TALK_$HEA_NORMAL		
$12_4_FINAL_370_TEXT	兄弟，你可不能单干啊！		
$12_4_FINAL_380_TITLE	TALK_$HEA_NORMAL		
$12_4_FINAL_380_TEXT	带上我吧！		
$12_4_FINAL_390_TITLE	TALK_ZELEMIR_WOUNDED		
$12_4_FINAL_390_TEXT	不，这是我的错！		
$12_4_FINAL_400_TITLE	TALK_ZELEMIR_WOUNDED		
$12_4_FINAL_400_TEXT	我会独自承担！		
$12_4_FINAL_410_TITLE	TALK_EZTLI-TENOCH_NORMAL		
$12_4_FINAL_410_TEXT	别说傻话了！你以为一只狗可以-		
$12_4_FINAL_420_TITLE	TALK_ZELEMIR_WOUNDED		
$12_4_FINAL_420_TEXT	$MCG! 就是现在！集中!		
$12_4_FINAL_430_TITLE	TALK_$MCG_POWER		
$12_4_FINAL_430_TEXT	??		
$12_4_FINAL_440_TITLE	TALK_$MCG_POWER		
$12_4_FINAL_440_TEXT	走吧，舍理米尔。		
$12_4_FINAL_450_TITLE	TALK_$MCG_POWER		
$12_4_FINAL_450_TEXT	了结他。		
$12_4_FINAL_460_TITLE	TALK_EZTLI-TENOCH_NORMAL		
$12_4_FINAL_460_TEXT	难道我真的要学狗说话？		
$12_4_FINAL_470_TITLE	TALK_EZTLI-TENOCH_NORMAL		
$12_4_FINAL_470_TEXT	那些愚笨的人祈求我成为他们的神，现在又用空洞的威胁，又跺脚又对天挥拳，毫无意义。		
$12_4_FINAL_471_TITLE	TALK_EZTLI-TENOCH_NORMAL		
$12_4_FINAL_471_TEXT	我曾希望??		
$12_4_FINAL_472_TITLE	TALK_EZTLI-TENOCH_NORMAL		
$12_4_FINAL_472_TEXT	不！		
$12_4_FINAL_480_TITLE	TALK_EZTLI-TENOCH_NORMAL		
$12_4_FINAL_480_TEXT	在哪个世界可让你面对我呢？		
$12_4_FINAL_490_TITLE	TALK_EZTLI-TENOCH_NORMAL		
$12_4_FINAL_490_TEXT	我是艾斯理-特诺奇！		
$12_4_FINAL_500_TITLE	TALK_$MCG_POWER		
$12_4_FINAL_500_TEXT	你是一个伟大的存在，福泽万人。		
$12_4_FINAL_510_TITLE	TALK_$MCG_POWER		
$12_4_FINAL_510_TEXT	但众人都聚合在我之内。		
$12_4_FINAL_520_TITLE	TALK_$MCG_POWER		
$12_4_FINAL_520_TEXT	我就是他们的代表。		
$12_4_FINAL_530_TITLE	TALK_$MCG_POWER		
$12_4_FINAL_530_TEXT	我们会一起打败你。		
$12_4_FINAL_540_TITLE	TALK_EZTLI-TENOCH_NORMAL		
$12_4_FINAL_540_TEXT	愚蠢！		
$12_4_FINAL_550_TITLE	TALK_EZTLI-TENOCH_NORMAL		
$12_4_FINAL_550_TEXT	这可是我的空间。		
$12_4_FINAL_560_TITLE	TALK_EZTLI-TENOCH_NORMAL		
$12_4_FINAL_560_TEXT	你也许可以战抖着步入中途世界吧??		
$12_4_FINAL_570_TITLE	TALK_EZTLI-TENOCH_NORMAL		
$12_4_FINAL_570_TEXT	??但只有我可以走灵魂之道。		
$12_4_FINAL_580_TITLE	TALK_$MCG_POWER		
$12_4_FINAL_580_TEXT	发生什么事了？		
$12_4_FINAL_590_TITLE	TALK_$HEA_NORMAL		
$12_4_FINAL_590_TEXT	他直接走进??另外一头??		
$12_4_FINAL_600_TITLE	TALK_$HEA_NORMAL		
$12_4_FINAL_600_TEXT	我不能从中途世界中找到他。		
$12_4_FINAL_610_TITLE	TALK_ZELEMIR_POWER		
$12_4_FINAL_610_TEXT	那边好像有条路啊......		
$12_4_FINAL_620_TITLE	TALK_ZELEMIR_POWER		
$12_4_FINAL_620_TEXT	$MCG, 我快要死了......与我所有的力量一起埋葬......		
$12_4_FINAL_630_TITLE	TALK_ZELEMIR_POWER		
$12_4_FINAL_630_TEXT	你就像我......你可以召唤其他人进入这个中途世界......		
$12_4_FINAL_640_TITLE	TALK_ZELEMIR_POWER		
$12_4_FINAL_640_TEXT	但这里的所有人......都将他们的力量借给我们了......		
$12_4_FINAL_650_TITLE	TALK_ZELEMIR_POWER		......
$12_4_FINAL_650_TEXT	我可以感受到??我们??一起上吧！		
$12_4_FINAL_660_TITLE	TALK_ZELEMIR_POWER		
$12_4_FINAL_660_TEXT	集中我们所有的力量，那我就可以完全进入另外一个世界......		
$12_4_FINAL_670_TITLE	TALK_ZELEMIR_POWER		
$12_4_FINAL_670_TEXT	以我强大的力量??足以打败那个巫师！		
$12_4_FINAL_680_TITLE	TALK_EZTLI-TENOCH_NORMAL		
$12_4_FINAL_680_TEXT	一个人，一个频死之人，竟妄想与神对抗？		
$12_4_FINAL_690_TITLE	TALK_$HEA_NORMAL		
$12_4_FINAL_690_TEXT	兄弟，你可不能单干啊！		
$12_4_FINAL_700_TITLE	TALK_$HEA_NORMAL		
$12_4_FINAL_700_TEXT	既然是我们开头的，我们就把他了结吧！		
$12_4_FINAL_710_TITLE	TALK_$MCG_POWER		
$12_4_FINAL_710_TEXT	长老？		
$12_4_FINAL_720_TITLE	TALK_ZELEMIR_POWER		
$12_4_FINAL_720_TEXT	太好了??朋友??欢迎回来！		
$12_4_FINAL_730_TITLE	TALK_$HEA_NORMAL		
$12_4_FINAL_730_TEXT	彼此彼此		
$12_4_FINAL_740_TITLE	TALK_ZELEMIR_POWER		
$12_4_FINAL_740_TEXT	$MCG! 就是现在！集中!		
$12_4_FINAL_750_TITLE	TALK_$MCG_POWER		
$12_4_FINAL_750_TEXT	......		
$12_4_FINAL_760_TITLE	TALK_$MCG_POWER		
$12_4_FINAL_760_TEXT	走吧，了结他。		
$12_4_FINAL_770_TITLE	TALK_ZELEMIR_POWER		
$12_4_FINAL_770_TEXT	我......承受不了啦......		
$12_4_FINAL_780_TITLE	TALK_ZELEMIR_POWER		
$12_4_FINAL_780_TEXT	我的伤......		
$12_4_FINAL_790_TITLE	TALK_ZELEMIR_POWER		
$12_4_FINAL_790_TEXT	$MCG, 你一定不能让他得逞啊......		
$12_4_FINAL_800_TITLE	TALK_ZELEMIR_POWER		
$12_4_FINAL_800_TEXT	......		
$12_4_FINAL_810_TITLE	TALK_$MCG_POWER		
$12_4_FINAL_810_TEXT	舍理米尔！		
$12_4_FINAL_820_TITLE	TALK_$MCG_POWER		
$12_4_FINAL_820_TEXT	他逃了......		
$12_4_FINAL_830_TITLE	TALK_EZTLI-TENOCH_NORMAL		
$12_4_FINAL_830_TEXT	难道我真的要学狗说话？		
$12_4_FINAL_840_TITLE	TALK_EZTLI-TENOCH_NORMAL		
$12_4_FINAL_840_TEXT	那些愚笨的人祈求我成为他们的神，现在又用空洞的威胁，又跺脚又对天挥拳，毫无意义。		
$12_4_FINAL_841_TITLE	TALK_EZTLI-TENOCH_NORMAL		
$12_4_FINAL_841_TEXT	我曾希望??		
$12_4_FINAL_842_TITLE	TALK_EZTLI-TENOCH_NORMAL		
$12_4_FINAL_842_TEXT	不！		
$12_4_FINAL_850_TITLE	TALK_EZTLI-TENOCH_NORMAL		
$12_4_FINAL_850_TEXT	在哪个世界可让你面对我呢？		
$12_4_FINAL_860_TITLE	TALK_EZTLI-TENOCH_NORMAL		
$12_4_FINAL_860_TEXT	我是艾斯理-特诺奇！		
$12_4_FINAL_870_TITLE	TALK_$MCG_POWER		
$12_4_FINAL_870_TEXT	你是一个伟大的存在，福泽万人。		
$12_4_FINAL_880_TITLE	TALK_$MCG_POWER		
$12_4_FINAL_880_TEXT	但众人都聚合在我之内。		
$12_4_FINAL_890_TITLE	TALK_$MCG_POWER		
$12_4_FINAL_890_TEXT	我就是他们的代表。		
$12_4_FINAL_900_TITLE	TALK_$MCG_POWER		
$12_4_FINAL_900_TEXT	我们会一起打败你。		
$12_4_FINAL_910_TITLE	TALK_EZTLI-TENOCH_NORMAL		
$12_4_FINAL_910_TEXT	愚蠢！		
$12_4_FINAL_920_TITLE	TALK_EZTLI-TENOCH_NORMAL		
$12_4_FINAL_920_TEXT	这可是我的空间。		
$12_4_FINAL_930_TITLE	TALK_EZTLI-TENOCH_NORMAL		
$12_4_FINAL_930_TEXT	你也许可以战抖着步入中途世界吧??		
$12_4_FINAL_940_TITLE	TALK_EZTLI-TENOCH_NORMAL		
$12_4_FINAL_940_TEXT	??但只有我可以走灵魂之道。		
$12_4_FINAL_950_TITLE	TALK_$MCG_POWER		
$12_4_FINAL_950_TEXT	发生什么事了？		
$12_4_FINAL_960_TITLE	TALK_$HEA_NORMAL		
$12_4_FINAL_960_TEXT	他直接走进??另外一头??		
$12_4_FINAL_970_TITLE	TALK_$HEA_NORMAL		
$12_4_FINAL_970_TEXT	我不能从中途世界中找到他。		
$12_4_FINAL_980_TITLE	TALK_$HEA_NORMAL		
$12_4_FINAL_980_TEXT	??		
$SIDEQUEST_7_00_TITLE	TALK_EZTLI-TENOCH_NORMAL		
$SIDEQUEST_7_00_TEXT	我的泰陶-米斯里，你变成了什么？		
$SIDEQUEST_7_10_TITLE	TALK_EZTLI-TENOCH_NORMAL		
$SIDEQUEST_7_10_TEXT	我们一起冲破这_脏的浪潮吧。		
$SIDEQUEST_7_20_TITLE	TALK_EZTLI-TENOCH_NORMAL		
$SIDEQUEST_7_20_TEXT	我们绝不会被这些可怜虫打败的！		
$SIDEQUEST_7_30_TITLE	TALK_EZTLI-TENOCH_NORMAL		
$SIDEQUEST_7_30_TEXT	我们把最低等的人提升至高位，赋予他们荣耀！		
$SIDEQUEST_7_40_TITLE	TALK_EZTLI-TENOCH_NORMAL		
$SIDEQUEST_7_40_TEXT	你是不是在人类的世界沉沦已久，忘记自己是一个神了？		
$SIDEQUEST_7_50_TITLE	TALK_EZTLI-TENOCH_NORMAL		
$SIDEQUEST_7_50_TEXT	我们肩负着神圣的任务！		
$SIDEQUEST_7_60_TITLE	TALK_EZTLI-TENOCH_NORMAL		
$SIDEQUEST_7_60_TEXT	我们怎能让这些乱七八糟的东西破坏我们的使命呢？		
$SIDEQUEST_7_70_TITLE	TALK_EZTLI-TENOCH_NORMAL		
$SIDEQUEST_7_70_TEXT	我们的目光追随着灵魂的秘密，你是否愿意跟随我们呢？		
$SIDEQUEST_7_80_TITLE	TALK_EZTLI-TENOCH_NORMAL		
$SIDEQUEST_7_80_TEXT	我可不愿跟随你步上自取灭亡之路。		
$SIDEQUEST_7_90_TITLE	TALK_EZTLI-TENOCH_NORMAL		
$SIDEQUEST_7_90_TEXT	我是否要将你像一坨烂肉地丢在一旁呢？你真的有价值吗？		
$SIDEQUEST_7_100_TITLE	TALK_EZTLI-TENOCH_NORMAL		
$SIDEQUEST_7_100_TEXT	命运已经注定了我们的路！我们必须前进！		
$SIDEQUEST_7_110_TITLE	TALK_EZTLI-TENOCH_NORMAL		
$SIDEQUEST_7_110_TEXT	你怎可以待我如此残忍呢？怎能逼我毁灭我所钟爱的一切呢？		
$SIDEQUEST_7_111_TITLE	TALK_EZTLI-TENOCH_NORMAL		
$SIDEQUEST_7_111_TEXT	你怎能把我们两人也灭了呢？		
$SIDEQUEST_7_120_TITLE	TALK_EZTLI-TENOCH_NORMAL		
$SIDEQUEST_7_120_TEXT	你可以把我们全放弃？可以将我们一切建立的全毁掉？		
$SIDEQUEST_7_130_TITLE	TALK_EZTLI-TENOCH_NORMAL		
$SIDEQUEST_7_130_TEXT	??所以我必须进行最后一次清洗??全部也要清洗??		
$INDEX_SLAK_DIE_00_TITLE	TALK_$BER_SMILE		
$INDEX_SLAK_DIE_00_TEXT	$MCG! 你失去了我的躯体！		
$INDEX_SLAK_DIE_10_TITLE	TALK_$MCG_POWER		
$INDEX_SLAK_DIE_10_TEXT	对不起啊！你受这么重的伤，我也很难集中！		
$INDEX_SLAK_DIE_20_TITLE	TALK_$BER_SMILE		
$INDEX_SLAK_DIE_20_TEXT	快点把我拉回来！我快支持不住了！		
$INDEX_BER_DIE_30_TITLE	TALK_$BER_SURPRISE		
$INDEX_BER_DIE_30_TEXT	嘿 $MCG! 我的一个兄弟倒下了！拉他回来！我们还要撕杀呢！		
$INDEX_KETTA_DIE_40_TITLE	TALK_$RAN_NORMAL		
$INDEX_KETTA_DIE_40_TEXT	嘿！我要倒了！		
$INDEX_KETTA_DIE_50_TITLE	TALK_$MCG_POWER		
$INDEX_KETTA_DIE_50_TEXT	撑住！我们很快会救你！		
$INDEX_KETTA_DIE_60_TITLE	TALK_$RAN_NORMAL		
$INDEX_KETTA_DIE_60_TEXT	快点！感觉很奇怪！		
$INDEX_RAN_DIE_70_TITLE	TALK_$RAN_NORMAL		
$INDEX_RAN_DIE_70_TEXT	嘿！我们的兄弟快倒下了！快点救他们！		
$INDEX_BOOST_SLAK_80_TITLE	TALK_$BER_DERANGED		
$INDEX_BOOST_SLAK_80_TEXT	哈哈哈！我是迷人的暴力之神！		
$INDEX_BOOST_SLAK_90_TITLE	TALK_$BER_DERANGED		
$INDEX_BOOST_SLAK_90_TEXT	快看看我性感的腹肌！是不是令人叫绝呢！		
$INDEX_FIRST_LEVEL_100_TITLE			
$INDEX_FIRST_LEVEL_100_TEXT	点击这里开始		
$INDEX_SECOND_LEVEL_110_TITLE			
$INDEX_SECOND_LEVEL_110_TEXT	点击这里前进		
$INDEX_SECOND_LEVEL_111_TITLE			
$INDEX_SECOND_LEVEL_111_TEXT	按<MOVE_MAP_DOWN> 前进。		
$INDEX_LVL_DUDE_120_TITLE	新手引导		
$INDEX_LVL_DUDE_120_TEXT	恭喜！一个守护者升级了！		
$INDEX_LVL_DUDE_130_TITLE	新手引导		
$INDEX_LVL_DUDE_130_TEXT	点击一个守护者去升级他们的技能。		
$INDEX_LVL_DUDE_131_TITLE	新手引导		
$INDEX_LVL_DUDE_131_TEXT	按<MENU_MENU>去切换角色。		
$INDEX_CLICK_DUDE_140_TITLE	新手引导		
$INDEX_CLICK_DUDE_140_TEXT	这是守护者的技能树。		
$INDEX_CLICK_DUDE_150_TITLE	技术		
$INDEX_CLICK_DUDE_150_TEXT	这个圆形的技能就是技术<N>，在战争中经常使用。		
$INDEX_CLICK_DUDE_160_TITLE	特征		
$INDEX_CLICK_DUDE_160_TEXT	这个方形的技能是被动特征，<N>是常用的能力。		
$INDEX_SKILL_DUDE_170_TITLE	新手引导		
$INDEX_SKILL_DUDE_170_TEXT	把鼠标移到技能上，就可以知道升级的效果。		
$INDEX_SKILL_DUDE_180_TITLE	新手引导		
$INDEX_SKILL_DUDE_180_TEXT	点选技能去增加1点。		
$INDEX_CLICK_DUDE1_190_TITLE	新手引导		
$INDEX_CLICK_DUDE1_190_TEXT	按<MENU_SELECT> 去检查这个角色。		
$INDEX_SKILL_DUDE1_200_TITLE	新手引导		
$INDEX_SKILL_DUDE1_200_TEXT	按<MENU_SELECT> 去检查这个角色的技能树。		
$INDEX_ORB_DUDE1_210_TITLE	新手引导		
$INDEX_ORB_DUDE1_210_TEXT	<RE>$INDEX_CLICK_DUDE_140_TEXT		
$INDEX_ORB_DUDE1_220_TITLE	新手引导		
$INDEX_ORB_DUDE1_220_TEXT	<RE>$INDEX_CLICK_DUDE_150_TEXT		
$INDEX_ORB_DUDE1_230_TITLE	新手引导		
$INDEX_ORB_DUDE1_230_TEXT	<RE>$INDEX_CLICK_DUDE_160_TEXT		
$INDEX_ORB_DUDE1_240_TITLE	新手引导		
$INDEX_ORB_DUDE1_240_TEXT	这个版面会显示升级技能后的情况。		
$INDEX_ORB_DUDE1_250_TITLE	新手引导		
$INDEX_ORB_DUDE1_250_TEXT	<RE>$INDEX_D1_290_TEXT		
$INDEX_A_190_TITLE	新手引导		
$INDEX_A_190_TEXT	恭喜！$MCG 提升了一个等级!		
$INDEX_A_200_TITLE	新手引导		
$INDEX_A_200_TEXT	点击$MCG去升级他的咒语。		
$INDEX_A_201_TITLE	新手引导		
$INDEX_A_201_TEXT	按<MENU_MENU>去切换你的角色。		
$INDEX_B_210_TITLE	新手引导		
$INDEX_B_210_TEXT	这是 $MCG的技能树。<N>$MCG的技能全是咒语。		
$INDEX_B_220_TITLE	新手引导		
$INDEX_B_220_TEXT	$MCG可以使用一个技能点。<N>移动鼠标去查看电击咒语。		
$INDEX_C_230_TITLE	新手引导		
$INDEX_C_230_TEXT	把鼠标移到技能上，就可以知道升级的效果。		
$INDEX_C_240_TITLE	新手引导		
$INDEX_C_240_TEXT	点击魔球去为这个技能增加1点。		
$INDEX_B1_250_TITLE	新手引导		
$INDEX_B1_250_TEXT	按<MENU_SELECT> 去查看 $MCG.		
$INDEX_C1_260_TITLE	新手引导		
$INDEX_C1_260_TEXT	按<MENU_SELECT>去检查$MCG的技能树。		
$INDEX_D1_270_TITLE	新手引导		
$INDEX_D1_270_TEXT	<RE>$INDEX_B_210_TEXT		
$INDEX_D1_280_TITLE	新手引导		
$INDEX_D1_280_TEXT	$MCG 可以使用1个技能点。<N>这可以显示技能升级后的效果。		
$INDEX_D1_290_TITLE	新手引导		
$INDEX_D1_290_TEXT	按<MENU_SELECT>去为这个技能增加1点。		
$INDEX_BUY_STUFF_250_TITLE			
$INDEX_BUY_STUFF_250_TEXT	你可以在城内购买装备和雇用新的守护者。		
$INDEX_BUY_STUFF_260_TITLE			
$INDEX_BUY_STUFF_260_TEXT	你现在应该雇用狂战士与购买武器。<N><N>(提示：购买会越来越贵。)		
$INDEX_HOW_TO_BUY_270_TITLE	购买武器		
$INDEX_HOW_TO_BUY_270_TEXT	这里有武器出售。<N>点一个武器种类，让“购买”按钮出现。		
$INDEX_DIFF_TOWN_280_TITLE	城镇:		
$INDEX_DIFF_TOWN_280_TEXT	不同城镇有不同的东西出售。		
$INDEX_DIFF_TOWN_290_TITLE	城镇:		
$INDEX_DIFF_TOWN_290_TEXT	举例来说，你可以在这个城镇雇用游侠和购买盔甲。		
$INDEX_DIFF_TOWN_300_TITLE	城镇:		
$INDEX_DIFF_TOWN_300_TEXT	记住，越大的军队就越贵。每次雇用都会比上一次更贵。		
$INDEX_1_1_WHERE_AM_I_TITLE	中途世界		
$INDEX_1_1_WHERE_AM_I_TEXT	孤单又迷失， $MCG发现自己徘徊在生与死之间。		
$INDEX_1_2_THE_SHADOW_WORLD_TITLE	亡者的马车		
$INDEX_1_2_THE_SHADOW_WORLD_TEXT	$MCG 遇到了装满货物的商人大篷车。		
$INDEX_1_3_COLISEUM_1_TITLE	竞技场		
$INDEX_1_3_COLISEUM_1_TEXT	我们的英雄在奥斯蒙的竞技场中，被逼与亡灵作战。		
$INDEX_JAIL_TITLE	奥斯蒙德监狱		
$INDEX_JAIL_TEXT	奥斯蒙德监狱是奴隶与角斗士聚集之地。无耻的人渣与无辜的旁观者都恨不得逃出生天。		
$INDEX_JAIL_DESTROY_TEXT	这监狱是空的-有人在墙上炸开了一个洞，所有的囚犯都逃走了。		
$INDEX_1_4_COLISEUM_2_TITLE	返回竞技场		
$INDEX_1_4_COLISEUM_2_TEXT	奥斯蒙为了一个奇怪的客人，展示了$MCG的能力?? 		
$INDEX_1_5_RIVER_ESCAPE_TITLE	逃犯河域		
$INDEX_1_5_RIVER_ESCAPE_TEXT	一群由竞技场大胆逃亡的乌合之众，占领了这个河域。		
$INDEX_SHANTY_TITLE	棚户区		
$INDEX_SHANTY_TEXT	一_破_的棚__ - 看起_像逃犯的避_所。		
$INDEX_SIDEQUEST_1_TITLE	地下墓穴		
$INDEX_SIDEQUEST_1_TEXT	自奥斯蒙回归， $MCG回来拯救在依然困于监狱地下墓穴的人。 		
$INDEX_RANGER_TOWN_TITLE	卡尔斯克		
$INDEX_RANGER_TOWN_TEXT	游牧村民的幸存者营寨。 卡尔斯克像奥斯蒙缴付巨额献金去避免战火。		
$INDEX_RANGER_TOWN_DESTROY_TEXT	卡尔斯克的遗址都被一层厚厚的炭灰遮盖住，牺牲者的遗体都无法被找到。		
$INDEX_2_1_SAVE_RANGER_TOWN_TITLE	卡尔斯克之战		
$INDEX_2_1_SAVE_RANGER_TOWN_TEXT	奥斯蒙大军围攻卡尔斯克。		
$INDEX_2_2_UNDEAD_RANGERS_TITLE	老朋友，新敌人。		
$INDEX_2_2_UNDEAD_RANGERS_TEXT	卡尔斯克的遗民奋起成为长期的敌人。		
$INDEX_2_3_MONASTERY_GATES_TITLE	修道院大门		
$INDEX_2_3_MONASTERY_GATES_TEXT	一场大战在修道院大门爆发。		
$INDEX_LAKSOS_TITLE	勒萨斯		
$INDEX_LAKSOS_TEXT	一个在山脚下的营寨，经常受到奥斯蒙军的掠夺。		
$INDEX_2_4_MONASTERY_TITLE	修道院大梯		
$INDEX_2_4_MONASTERY_TEXT	敌人攻击了恢弘的修道院大梯。		
$INDEX_MONASTERY_TITLE	修道院		
$INDEX_MONASTERY_TEXT	阿舍王国国教的修道院。		
$INDEX_SIDEQUEST_2_TITLE	去钓鱼		
$INDEX_SIDEQUEST_2_TEXT	$MCG 清除河中亡灵感染，让平民可以再次垂钓。		
$INDEX_3_1_TO_THE_PASS_TITLE	去医馆		
$INDEX_3_1_TO_THE_PASS_TEXT	$MCG 立马赶到医馆去迎战一次突袭。		
$INDEX_3_2_HOSPITAL_ATTACK_TITLE	攻击医馆		
$INDEX_3_2_HOSPITAL_ATTACK_TEXT	守卫被围攻的医馆。		
$INDEX_HOSPITAL_TITLE	医馆		
$INDEX_HOSPITAL_TEXT	一个收容无家可归之人与伤病者的怜悯之地。		
$INDEX_SIDEQUEST_3_TITLE	克拉斯的儿子		
$INDEX_SIDEQUEST_3_TEXT	$RAN 顽强地信守对一个格卡部落成员的承诺。		
$INDEX_SIDEQUEST_4_TITLE	进入暗影		
$INDEX_SIDEQUEST_4_TEXT	当$MCG 与 $RAN 消失后，$BER 与$HEA都被一个神秘的女人带走灵魂了。		
$INDEX_3_3_DESERT_STRONGHOLD_TITLE	沙漠堡_入口		
$INDEX_3_3_DESERT_STRONGHOLD_TEXT	附近围着一帮亡灵，这些人在沙漠入口，建立起一个入口。		
$INDEX_3_4_ARMORED_CREEPS_TITLE	生还骑士之夜		
$INDEX_3_4_ARMORED_CREEPS_TEXT	在堡垒寻求避难时，这群人发现了在暗夜中的罪恶。		
$INDEX_3_5_MEET_THE_KNIGHT_TITLE	装甲装甲		
$INDEX_3_5_MEET_THE_KNIGHT_TEXT	一个孤独的骑士加入军队就是为了摆显他的装备。		
$INDEX_GUARD_TOWN_TITLE	守卫藏身处		
$INDEX_GUARD_TOWN_TEXT	一个由旧卫兵居住的堡垒，守卫着瘟疫的_存者。		
$INDEX_SIDEQUEST_5_TITLE	回到影中		
$INDEX_SIDEQUEST_5_TEXT	那个神秘的女人回来了，绑走了$BER 和 $KNI。		
$INDEX_3_6_INTO_THE_CITY_TITLE	深入的堡_		
$INDEX_3_6_INTO_THE_CITY_TEXT	$KNI 带领军队深入堡垒去寻找答案。		
$INDEX_3_7_UNWELCOME_GUESTS_TITLE	不受欢迎的客人		
$INDEX_3_7_UNWELCOME_GUESTS_TEXT	军队在地下墓穴的深处发现了一个不清楚是敌是友的阵型。		
$INDEX_3_8_DEFEND_NEST_TITLE	守卫巢穴		
$INDEX_3_8_DEFEND_NEST_TEXT	$DRA 答应帮助我们，条件是英雄们可以助她守卫巢穴。		
$INDEX_DRAGON_LAIR_TITLE	龙的巢穴		
$INDEX_DRAGON_LAIR_TEXT	$DRA的老窝，充满珍宝，养育她的后裔。		
$INDEX_3_9_GOAT_STEW_TITLE	大口吞羊		
$INDEX_3_9_GOAT_STEW_TEXT	$DRA 饿了。$MCG 提供了人肉以外的选择。		
$INDEX_3_10_THE_CITADEL_TITLE	皇家档案室		
$INDEX_3_10_THE_CITADEL_TEXT	军队一直打入了古老的档案室，打算寻找答案。		
$INDEX_FIRE_SHRINE_TITLE	奎德火神殿		
$INDEX_FIRE_SHRINE_TEXT	这是奎德火神殿。		
$INDEX_SIDEQUEST_6_TITLE	堕落神庙		
$INDEX_SIDEQUEST_6_TEXT	$MAG 与 $MCG 净化了被玷污的奎德火神殿。		
$INDEX_DESTROYED_RANGER_TOWN_TITLE	摧毁游侠之城		
$INDEX_DESTROYED_RANGER_TOWN_TEXT	游侠余党之城。 几个游侠依然隐藏在废墟之中。		
$INDEX_3_11_CITADEL_BOSS_TITLE	隧道逃亡		
$INDEX_3_11_CITADEL_BOSS_TEXT	在亡灵军队的追赶下，军队透过大教堂的地下污水道逃出。		
$INDEX_3_12_TUNNEL_ESCAPE_TITLE	矿洞爆破		
$INDEX_3_12_TUNNEL_ESCAPE_TEXT	$HEA 计划在矿洞进行爆破，只要 $MCG 可以把亡灵大军拖延住。		
$INDEX_3_13_DESTROY_CITY_TITLE	舍里米尔出现		
$INDEX_3_13_DESTROY_CITY_TEXT	舍里米尔就在我们和出口之间出现。		
$INDEX_GHOST_TOWN_TITLE	鬼城		
$INDEX_GHOST_TOWN_TEXT	一个近乎荒废的乡村，只有少数的商人和奎德幸存者出入。		
$INDEX_4_1_EZTLIS_FORCES_TITLE	艾斯理-特诺奇的军队		
$INDEX_4_1_EZTLIS_FORCES_TEXT	在前往墓坑的东边时，我们整支军队通过了艾斯理-特诺奇的地盘。		
$INDEX_4_2_WIZARDS_REALM_TITLE	巫师之界		
$INDEX_4_2_WIZARDS_REALM_TEXT	军队发现自己身处一个奇怪城市的遗址中。这里到底是哪里？		
$INDEX_4_3_THE_HALLS_TITLE	神王之殿		
$INDEX_4_3_THE_HALLS_TEXT	先前是艾斯理-特诺奇无上权威之殿，现在则是新战场。		
$INDEX_TREASURE_CHAMBER_TITLE	藏宝室		
$INDEX_TREASURE_CHAMBER_TEXT	$DRA发现了一个藏身处，也是一个补给站?? 只要你有钱的话。		
$INDEX_SIDEQUEST_7_TITLE	暗影之后		
$INDEX_SIDEQUEST_7_TEXT	神秘女人的身份终于水落石出了。		
$INDEX_4_4_FREEDOM_DASH_TITLE	为了自由奋战		
$INDEX_4_4_FREEDOM_DASH_TEXT	冲出山谷夹道，军队被逼在河流中奋勇一战。		
$INDEX_4_5_RIGHT_HAND_TITLE	艾斯理-特诺奇的右手		
$INDEX_4_5_RIGHT_HAND_TEXT	神秘敌人的袭击		
$INDEX_4_7_FOLLOW_ZELEMIR_TITLE	跟随舍里米尔		
$INDEX_4_7_FOLLOW_ZELEMIR_TEXT	$MCG 觉得舍里米尔的计划太恐怖，决定前去阻止他。		
$INDEX_4_6_THE_WAY_OUT_TITLE	出路		
$INDEX_4_6_THE_WAY_OUT_TEXT	$MCG 接受舍里米尔的安排，然后从墓坑中逃出。、		
$INDEX_4_8_THE_ARMY_TITLE	舍里米尔之军		
$INDEX_4_8_THE_ARMY_TEXT	在与守卫战斗后， $MCG的军队必须挑战舍里米尔之军。		
$INDEX_4_9_ZELEMIR_TITLE	疯狂		
$INDEX_4_9_ZELEMIR_TEXT	$MCG 赶紧阻止舍里米尔点燃这些水晶，否则整个墓坑都会灰飞烟灭。		
$INDEX_12_4_FINAL_TITLE	神王再临		
$INDEX_12_4_FINAL_TEXT	由$MCG'的血召唤出艾斯理-特诺奇。		
$INDEX_HERMIT_1_TITLE	隐士之所		
$INDEX_HERMIT_1_TEXT	一个来自游牧民族的隐士居住于此。		
$INDEX_HERMIT_2_TITLE	隐士之所		
$INDEX_HERMIT_2_TEXT	另一隐士居住之地，与前一个奇怪地相像。		
$INDEX_HERMIT_3_TITLE	隐士之所		
$INDEX_HERMIT_3_TEXT	第三个隐士居于堡垒深处。		
$INDEX_HERMIT_4_TITLE	隐士之所		
$INDEX_HERMIT_4_TEXT	最后一个隐士居于沙漠之中。		
$INDEX_OBELISK_TITLE	奇怪的纪念碑		
$INDEX_OBELISK_TEXT	沙漠中有一个奇怪的纪念碑。		
$BLANK			
