"flag","name","description",
"$ITEM_SWORD","<RE>$ITM_W_SWORD",
"$ITEM_BOW","<RE>$ITM_W_BOW",
"$ITEM_STAFF","<RE>$ITM_W_STAFF",
"$ITEM_LIGHT","<RE>$ITM_A_LIGHT",
"$ITEM_HEAVY","<RE>$ITM_A_HEAVY",
"$ITEM_BOOK","<RE>$ITM_W_BOOK",
"$ITEM_WEAPON","Waffe",
"$ITEM_ARMOR","Rüstung",
"$ITM_W_BOOK","Buch","<NULL>",
"$ITM_W_BOOK_PLURAL","Bücher","<NULL>",
"$ITM_A_LIGHT","Leichte Rüstung","<NULL>",
"$ITM_A_LIGHT_PLURAL","Leichte Rüstungen","<NULL>",
"$ITM_A_HEAVY","Schwere Rüstung","<NULL>",
"$ITM_A_HEAVY_PLURAL","Schwere Rüstungen","<NULL>",
"$ITM_W_SWORD","Schwert","<NULL>",
"$ITM_W_SWORD_PLURAL","Schwerter","<NULL>",
"$ITM_W_BOW","Bogen","<NULL>",
"$ITM_W_BOW_PLURAL","Bogen","<NULL>",
"$ITM_W_STAFF","Stab","<NULL>",
"$ITM_W_STAFF_PLURAL","Stäbe","<NULL>",
"$ITM_A_LIGHT_PLURAL_SHORT","Leichte","<NULL>",
"$ITM_A_HEAVY_PLURAL_SHORT","schwere","<NULL>",
"$ITM_W_SWORD_PLURAL_SHORT","Schwerter","<NULL>",
"$ITM_W_STAFF_PLURAL_SHORT","Stäbe","<NULL>",
"$ITM_W_BOW_PLURAL_SHORT","Bogen","<NULL>",
"$ITM_W_BOOK_PLURAL_SHORT","Bücher","<NULL>",
"$ITM_A_LIGHT_1","Sackleinen","Ein Leinentuch, das unter der Kleidung getragen wird. Kratzt, ist aber besser als gar nichts.",
"$ITM_A_LIGHT_2","Tierhäute","Getrocknete Tierhäute, die grob zu einer schützenden Weste genäht wurden. Dick und robust.",
"$ITM_A_LIGHT_3","Tunika des Häuptlings","Diese großartig gefärbte Nomaden-Tunika besteht aus schwerer Wolle und ist verziert mit kunstvollen Stickereien. Der Saum stellt die sich unaufhörlich windenden Wurzeln des Weltenbaums dar.",
"$ITM_A_LIGHT_4","Tunika aus schwerer Wolle","Eine lange, dicke Tunika aus der wertvollen Wolle nomadischer Hirten.",
"$ITM_A_LIGHT_5","Tigerhautweste","Quaid-Feuermotive auf dem bearbeiteten Leder sind die einzigen Hinweise auf die Herkunft dieses exotischen Kleidungsstücks.",
"$ITM_A_LIGHT_6","Pelz","Warme und gut gepolsterte Weste aus kostbaren Tierpelzen.",
"$ITM_A_LIGHT_7","Ozimals Mantel","Hat einen leichten Käse-Geruch.",
"$ITM_A_LIGHT_8","Leder","Ein hochwertig verarbeitetes Wams aus gehärtetem Leder.",
"$ITM_A_LIGHT_9","Kampfmönchskutte","Diese stark gepolsterte Mönchskutte ist mit den Symbolen der 9. Abteilung der Selini, der Hausmiliz, den Verteidigern von Wahrheit und Ordnung, verziert.",
"$ITM_A_LIGHT_10","Woll-Gambeson","Mehrere Lagen hochwertiger Wolle, sorgfältig gesteppt und mit Reststoffen und Tierhaaren gefüllt, um eine robuste Verteidigung gegen alle Schläge bis auf die stärksten zu leisten.",
"$ITM_A_LIGHT_11","Attentäter-Eselei","Auf den ersten Blick scheint es nichts weiter als das verzierte Hemd eines Adligen zu sein. Nähere Betrachtung enthüllt Reih um Reih leichter Metallplatten, die in die Innenseite des Gewands genäht sind. Ein Schnitt im Kreuz ist Hinweis darauf, dass dieses raffinierte Design mindestens einen Meuchelmörder aufgehalten hat.",
"$ITM_A_LIGHT_12","Seiden-Gambeson","Lage über Lage beständiger Seide zusammen gesteppt mit Pferdehaarpolsterung, um eine Rüstung zu erschaffen, die Pfeile stoppen kann, ohne dass der Träger eine Verletzung davon trägt.",
"$ITM_A_LIGHT_13","Herr der Bogenschützen","Dieser Gambeson ist aus der schönsten Seide gefertigt und weist komplizierte Stickereien auf, die seinen Besitzer als „Herrn der Bogenschützen“ kennzeichnen. Dutzende kleiner Ausbesserungen auf der Oberfläche deuten darauf, dass diese beispiellose Rüstung in vielen Kämpfen diente, vermutlich von einem Herrn bei seinem Abgang an den nächsten weitergegeben.",
"$ITM_A_LIGHT_14","Das Platin-Vlies","Viel wertvoller als ein einfaches „goldenes“. Vom Körper des Axxima Vatta Muttunaxxor selbst genommen, sucht dieses vor Glanz blendende Vlies seinesgleichen.",
"$ITM_A_LIGHT_15","Tunika des Häuptlings+","<RE>$ITM_A_LIGHT_3_DESC",
"$ITM_A_LIGHT_16","Tigerhautweste+","<RE>$ITM_A_LIGHT_5_DESC",
"$ITM_A_LIGHT_17","Ozimals Mantel+","<RE>$ITM_A_LIGHT_7_DESC",
"$ITM_A_LIGHT_18","Kampfmönchskutte+","<RE>$ITM_A_LIGHT_9_DESC",
"$ITM_A_LIGHT_19","Attentäter-Eselei+","<RE>$ITM_A_LIGHT_11_DESC",
"$ITM_A_LIGHT_20","Herr der Bogenschützen+","<RE>$ITM_A_LIGHT_13_DESC",
"$ITM_A_LIGHT_21","Das Platin-Vlies+","<RE>$ITM_A_LIGHT_14_DESC",
"$ITM_A_LIGHT_22","Sackleinen+","<RE>$ITM_A_LIGHT_1_DESC",
"$ITM_A_LIGHT_23","Tierhäute+","<RE>$ITM_A_LIGHT_2_DESC",
"$ITM_A_LIGHT_24","Tunika aus schwerer Wolle+","<RE>$ITM_A_LIGHT_4_DESC",
"$ITM_A_LIGHT_25","Pelz+","<RE>$ITM_A_LIGHT_6_DESC",
"$ITM_A_LIGHT_26","Leder+","<RE>$ITM_A_LIGHT_8_DESC",
"$ITM_A_LIGHT_27","Woll-Gambeson+","<RE>$ITM_A_LIGHT_10_DESC",
"$ITM_A_LIGHT_28","Seiden-Gambeson+","<RE>$ITM_A_LIGHT_12_DESC",
"$ITM_A_HEAVY_1","Kettenjacke","Ein leichter Gambeson mit mehreren schlecht geschmiedeten Eisengliedern, die zusammengekettet an der Außenseite der Arme zusätzlichen Schutz bieten sollen",
"$ITM_A_HEAVY_2","Kettenhemd","Ein Hemd aus hunderten verbundener Metallringe, jeder einzelne davon vernietet, um ein Zerreißen zu verhindern.",
"$ITM_A_HEAVY_3","Pracht des Krieges","Diese herrliche Quaid-Rüstung ist schönste Mode. Jeder Metallring ist gebläut und die letzten Reihen des Hemds sind vergoldet, um einen goldenen Rand zu bilden. Die verstärkenden Platten sind mit vergoldeten Mustern verziert und tragen auffällig das Symbol der Imperialen Familie. In die Metalloberfläche eingeritzt sind die Quaid-Worte „Wie spät es sein muss, um über diese Dinge nachzudenken“. Einige weitere Wörter sind entlang der Ecken der Platten eingeritzt, aber aufgrund der Eile, in der sie scheinbar geschrieben wurden, sind sie unleserlich.",
"$ITM_A_HEAVY_4","Verstärktes Kettenhemd","Ein Kettenhemd, bei dem Metallplatten mit den Ringen verbunden sind, um den Oberkörper besser zu schützen. Standard-Ausrüstung der Quaid-Infanterie während des Krieges.",
"$ITM_A_HEAVY_5","Reiter-Lamellenpanzer","Dieser hochwertige Lamellen-Harnisch bietet besseren Schulter-Schutz und knielange Beintaschen, was darauf hindeutet, dass der Harnisch für schwere Kavallerie ausgelegt war. Die vergoldeten Armschienen und der Gambeson lassen erkennen, dass der Vorbesitzer ein reicher Krieger mit gutem Geschmack war. In mehrere der Platten sind kleine Schriftzeichen eingeätzt, die scheinbar zu keiner der lokalen Sprachen gehören. Die Position dieser Platten direkt über dem Herz des Träger könnten bedeuten, dass die Schrift eine Art Schutzgebet oder -zauber ist, aber das ist reine Mutmaßung.",
"$ITM_A_HEAVY_6","Lamellenpanzer","Dutzende kleiner Metallplatten, die mit widerstandsfähigem Seidenfaden aneinander geschnürt sind.",
"$ITM_A_HEAVY_7","Verräter-Harnisch","Die vergoldeten Schulterplatten dieses Plattenharnischs aus Ashen-Hand lassen vermuten, dass er wahrscheinlich einem hochrangigen Beamten gehört hat. Die Tuch-Oberfläche ist repariert worden, aber das eingeritzte Ashen-Wort „Verräter“ kann auf dem Stoff noch immer gesehen werden. Große Blutflecke schimmern durch den roten Farbstoff, aber der Rüstung wurde kein erkennbarer Schaden zugefügt.",
"$ITM_A_HEAVY_8","Plattenmantel","Hervorragender Oberkörper-Schutz dank mehrerer schwerer Metall-Platten, die mit der Innenseite eines Stoff-Waffenrocks vernietet sind.",
"$ITM_A_HEAVY_9","Wocolans Kraft","Diese Brigantine aus grünem Samt hat lange, aufpolierte Schulterpanzer, wie sie typisch für die schwere Quaid-Infanterie sind. Das vergoldete Wappen zeigt, wie der Held Wocolan einen Bärenschädel mit seinen Fäusten zertrümmert. Darunter trinken seine Kinder Wastan und Wacelle das aus dem Maul laufende Blut, um den mörderischen Weg der Familie ins Exil zu überleben.",
"$ITM_A_HEAVY_10","Brigantine","Hunderte mit einem Tuch vernietete Metallplatten, sowie eine Ummantelung aus Seide und Samt, bilden diesen eng anliegenden Oberkörperschutz.",
"$ITM_A_HEAVY_11","Lord Wardens Harnisch","Insignien weisen Lord Warden, den Ashen, der mit der Überwachung der Grube beauftragt wurde, als Besitzer dieses exzellenten Plattenharnischs aus. Wie er sich in seinem eigenen Gefängnis verirrte, ist nicht bekannt, aber Blutflecken auf den Schulterriemen lassen vermuten, dass die Geschichte kein gutes Ende nahm.",
"$ITM_A_HEAVY_12","Plattenharnisch","Komplex geformte Stahlplatten, die gelenkig auf einem Lederuntergrund angebracht sind, sorgen für maximalen Schutz trotz Bewegungsfreiheit. Die von Ash-Rittern bevorzugte Kleidung.",
"$ITM_A_HEAVY_13","Reinheit der Flamme","Dieser blank polierte Harnisch reflektiert jegliches Licht mit beinah infernaler Intensität. Undeutliche Anätzungen scheinen Quaidanisch zu sein, der Dialekt ist allerdings so veraltet, dass sie bis auf den Ausdruck „das Verzehrende“ unleserlich sind. Dieser Brustpanzer wurde vermutlich unzählige Male instand gesetzt – der Rest der Harnischs ist wesentlich moderner. Kryptische Piktogramme weisen auf eine Rolle im Imperialen Feuerritual hin.",
"$ITM_A_HEAVY_14","Wächter des Brunnens","Dieser meisterhafte Harnisch wurde so stark gebläut, dass er fast schwarz ist. Goldene Muster entlang der Oberfläche der Brustplatte zeigen den Brunnen des Ash-Tempels, was darauf hinweist, dass diese faszinierende Rüstung sehr wahrscheinlich einem der Elite-Tempelwächter gehörte. Wie dieses unbezahlbare Artefakt in die Grube kam, ist ein Rätsel.",
"$ITM_A_HEAVY_15","Pracht des Krieges+","<RE>$ITM_A_HEAVY_3_DESC",
"$ITM_A_HEAVY_16","Reiter-Lamellenpanzer+","<RE>$ITM_A_HEAVY_5_DESC",
"$ITM_A_HEAVY_17","Verräter-Harnisch+","<RE>$ITM_A_HEAVY_7_DESC",
"$ITM_A_HEAVY_18","Wocolans Kraft+","<RE>$ITM_A_HEAVY_9_DESC",
"$ITM_A_HEAVY_19","Lord Wardens Harnisch+","<RE>$ITM_A_HEAVY_11_DESC",
"$ITM_A_HEAVY_20","Reinheit der Flamme+","<RE>$ITM_A_HEAVY_13_DESC",
"$ITM_A_HEAVY_21","Wächter des Brunnens+","<RE>$ITM_A_HEAVY_14_DESC",
"$ITM_A_HEAVY_22","Kettenjacke+","<RE>$ITM_A_HEAVY_1_DESC",
"$ITM_A_HEAVY_23","Kettenhemd+","<RE>$ITM_A_HEAVY_2_DESC",
"$ITM_A_HEAVY_24","Verstärktes Kettenhemd+","<RE>$ITM_A_HEAVY_4_DESC",
"$ITM_A_HEAVY_25","Lamellenpanzer+","<RE>$ITM_A_HEAVY_6_DESC",
"$ITM_A_HEAVY_26","Plattenmantel+","<RE>$ITM_A_HEAVY_8_DESC",
"$ITM_A_HEAVY_27","Brigantine+","<RE>$ITM_A_HEAVY_10_DESC",
"$ITM_A_HEAVY_28","Plattenharnisch+","<RE>$ITM_A_HEAVY_12_DESC",
"$ITM_A_SKULL_1","Steinschädel","Ein polierter Steinschädel. Manche denken, er sei ein magischer Talisman, mit dem die Wiedergänger in den Kampf ziehen.

Experten sind sich sicher, dass du das hier vermutlich gegen irgendwas richtig Abgefahrenes eintauschen kannst.",
"$ITM_A_SKULL_2","Bronze-Schädel","Abguss aus massiver Bronze, vielleicht für bestimmte Beschwörungen und Zeremonien benutzt.
Bestimmt mehr wert als ein polierter Steinschädel.",
"$ITM_A_SKULL_3","Obsidian-Schädel","Sorgfältig aus massivem Obsidian gemeißelt, ist der Detailgrad dieses tiefschwarzen Schädels sowohl faszinierend als auch unheimlich. Extrem selten, Sammler haben ein sehr großes Interesse an diesen Schädeln.",
"$ITM_A_SKULL_4","Silber-Schädel","Dieser Schädel ist aus purem Silber. Wofür könnte er gut sein?",
"$ITM_A_SKULL_5","Gold-Schädel","Dieser Schädel ist aus purem Gold. Wofür könnte er gut sein?",
"$ITM_A_SKULL_6","Unobtanium-Schädel","Gefertigt aus reinem Unobtanium, und daher unmöglich zu erlangen. Du hast ihn tatsächlich die ganze Zeit bei dir getragen, aber seltsamerweise bis jetzt nicht bemerkt.",
"$ITM_W_SWORD_1","Steinmesser","Ein scharfer Stein, der an einem hölzernen Griff angebracht wurde. Besser als nichts.",
"$ITM_W_SWORD_2","Metallmesser","Eine Klinge aus Restmetall. Einfach, aber effektiv.",
"$ITM_W_SWORD_3","Verrostetes Schwert","Ein verrostetes, kaputtes Schwert. Solche weggeworfenen Sachen gibt es in der Grube wie Sand am Meer.",
"$ITM_W_SWORD_4","Blutfehden-Kopal","Auf diesem Nomaden-Kampfmesser sind die Symbole des Gasta-Stamms oberhalb einer unbekannten rivalisierenden Gruppe eingraviert – ein Hinweis auf eine Blutfehde zwischen den beiden. In den Steingriff sind 17 Todes-Markierungen eingekerbt.",
"$ITM_W_SWORD_5","Eisenschwert","Ein einfaches Eisenschwert. Schlecht ausbalanciert und einfach geschmiedet, aber ansonsten in gutem Zustand.",
"$ITM_W_SWORD_6","Rehabilitation der Ehre","Das verzierte Jadeheft und Einlagen im Knauf täuschen über die böse Funktionalität dieses Quaid-Duellschwerts hinweg. Die Klingenbasis trägt die Inschrift „Rehabilitation des Ehrenvollen. Die Flamme in mir brennt.“ Sehr wahrscheinlich wurde es für ein spezielles Duell erschaffen, um eine vermeintliche Schande zwischen zwei Adligen zu klären.",
"$ITM_W_SWORD_7","Soldatenschwert","Ein militärisches Schwert, während des Krieges in Massen produziert. Effektiv und stark.",
"$ITM_W_SWORD_8","Schneide der Ordnung","Diese Ash-Schneide trägt eine altertümliche Inschrift entlang dem Klingenrücken: „Ich bin die Schneide der Ordnung. Ich trenne die Rechtschaffenden von den Bösen, das Dunkel von dem Licht. Ich führe die Hand, die mich nutzt zu...“ Das Polieren über Generationen haben den Rest des Textes zu undeutlich gemacht, um ihn zu lesen.",
"$ITM_W_SWORD_9","Offiziersschwert","Ein weiteres Überbleibsel des Kriegs, dieses wurde für einen Offizier von Hand gefertigt.",
"$ITM_W_SWORD_10","Legions-Kommandant","Die elegante, aber einfache Konstruktion dieser Ashen-Waffe ist ein Hinweis, dass sie für einen bescheidenen Adligen gefertigt wurde. 
Eine Seite des Hefts trägt die Inschrift „Legions-Kommandant“, während auf der anderen Seite „Diener der unbewegten Beweger“ steht. Auf dem runden Knauf sind auf einer Seite die Kugeln der himmlischen Maschine und auf der anderen Seite ein Pilger, der aus dem Brunnen des Ash-Tempels trinkt, abgebildet.",
"$ITM_W_SWORD_11","Meister-Schwert","Meisterhaft geschmiedet und ausbalanciert. Dieses Schwert sucht seinesgleichen.",
"$ITM_W_SWORD_12","Auge der Flamme","Dieses unvergleichliche Schwert trägt entlang der Blutrinne eine sehr alte quaidanische Inschrift. Das schiere Alter des Dialekts und die Abnutzung des Schwertes machen es alles andere als entzifferbar: „Sehet! ... Das Auge der Flamme ... Ruhm ... Fliehet beschämt ... Ein Königliches Ding ...“ Zwei riesige Rubine am Knauf scheinen mit einem inneren Feuer zu brennen. Der meisterhaft geformte Griff zeigt die Mauer des Andenkens, auf der die Namen aller ehrhaften quaidanischen Herrscher vermerkt sind. Diese bemerkenswerte Waffe gehörte sehr wahrscheinlich einem Mitglied der Königlichen Familie.",
"$ITM_W_SWORD_13","Evni","Das Traumschwert eines Berserkers. Auf der ganzen Welt gibt es nur eins und der Preis scheint entsprechend angesetzt zu sein.",
"$ITM_W_SWORD_14","Blutfehden-Kopal+","<RE>$ITM_W_SWORD_4_DESC",
"$ITM_W_SWORD_15","Rehabilitation der Ehre+","<RE>$ITM_W_SWORD_6_DESC",
"$ITM_W_SWORD_16","Schneide der Ordnung+","<RE>$ITM_W_SWORD_8_DESC",
"$ITM_W_SWORD_17","Legions-Kommandant+","<RE>$ITM_W_SWORD_10_DESC",
"$ITM_W_SWORD_18","Auge der Flamme+","<RE>$ITM_W_SWORD_12_DESC",
"$ITM_W_SWORD_19","Evni+","<RE>$ITM_W_SWORD_13_DESC",
"$ITM_W_SWORD_20","Steinmesser+","<RE>$ITM_W_SWORD_1_DESC",
"$ITM_W_SWORD_21","Metallmesser+","<RE>$ITM_W_SWORD_2_DESC",
"$ITM_W_SWORD_22","Verrostetes Schwert+","<RE>$ITM_W_SWORD_3_DESC",
"$ITM_W_SWORD_23","Eisenschwert+","<RE>$ITM_W_SWORD_5_DESC",
"$ITM_W_SWORD_24","Soldatenschwert+","<RE>$ITM_W_SWORD_7_DESC",
"$ITM_W_SWORD_25","Offiziersschwert+","<RE>$ITM_W_SWORD_9_DESC",
"$ITM_W_SWORD_26","Meister-Schwert+","<RE>$ITM_W_SWORD_11_DESC",
"$ITM_W_BOW_1","Grüner Bogen","Ein einfacher Bogen aus Holz eines jungen Baums mit hölzernen Pfeilen.",
"$ITM_W_BOW_2","Holzbogen","Ein Bogen aus Holz und Pfeile mit Steinspitzen.",
"$ITM_W_BOW_3","Jagd-Kampf-Bogen","Dieser Jagdbogen der Nomaden scheint auch als Kriegswaffe genutzt worden zu sein. Das nomadische Zeichen für „erfolgreiche Jagd“ wurde mit dem für „Tod“ übermalt. Auf der Innenseite des Bogens ist eine Darstellung eines Gottes der Sdeka-Familie, der einen abgetrennten Kopf hält. Rote Siegesstreifen an den Spitzen weisen darauf hin, dass diese Waffe in einem längst vergessenen Kampf häufig genutzt wurde.",
"$ITM_W_BOW_4","Jägerbogen","Ein stabiler Bogen aus Eibe und Pfeile mit Steinspitzen.",
"$ITM_W_BOW_5","Relikt des Nordens","Dieser ausgezeichnete Jagdbogen besteht aus reinem weißen Birkenholz. Der blaue Griff ist mit Golddraht umwickelt und seltsame Schriftzeichen winden sich an dessen Ende – möglicherweise eine der vielen Sprachen aus den Stadtstaaten im Norden. Das nomadische Symbol der Ked-Familie ist auf eine Seite gemalt, ein Zeichen dafür, dass der Bogen mit dem Stamm nach Süden reiste.",
"$ITM_W_BOW_6","Geweihbogen","Ein starker Bogen, geschnitzt aus einem Hirschgeweih.",
"$ITM_W_BOW_7","Kriegsbogen eines Hauptmanns","Dieser Ashen-Kriegsbogen besteht aus mehreren zusammengeklebten Lagen seltenen Holzes. Auf dem Griff ist eine Darstellung einer Drehvorrichtung. Eine goldene Inschrift lautet „Hauptmann Zantimon, Verteidiger des Weges“, vermutlich ein Anführer einer der zahlreichen Patrouillen, die Pilger des Ash-Tempels gegen Banditen und Nomaden-Räuber schützten.",
"$ITM_W_BOW_8","Großer Hirschbogen","Ein antiker Bogen, aus dem Geweih eines großen Hirschs geschnitzt.",
"$ITM_W_BOW_9","Triumph des Kriegsherrn","Dieser fachmännisch hergestellte Recurvebogen ist mit Goldringeln und leuchtend bunt gefärbtem Leder verziert. Der verzierte Griff stellt einen siegreichen Kriegsherrn dar, der auf einem Berg erschlagener Feinde steht. Mehrere nicht zu erkennende Gottheiten segnen ihn von oben. Diese Waffe gehörte offensichtlich einem wohlhabenden und erfolgreichen Nomaden-Häuptling.",
"$ITM_W_BOW_10","Komposit-Kriegsbogen","Dieser aus mehreren unterschiedlichen Holzarten geschaffene Kompositbogen gehörte vermutlich einem Offizier.",
"$ITM_W_BOW_11","Vergoldeter Tod","Dieser mit Hornspitzen besetzte Kriegsbogen ist mit zahlreichen Goldringen verziert. Der Ledergriff trägt eine alte Quaid-Inschrift: „Lucawan, du, der du Ehre opfertest für billiges Gold, sieh deinen Tod im Gold dieser Waffe. Treffen soll dich ihr Pfeil und deine Verräter-Leiche soll Hunden und Würmern als Spielzeug dienen.“ Darunter, in die Oberfläche des Leders eingraviert, steht „Es ist vollbracht.“",
"$ITM_W_BOW_12","Verstärkter Langbogen","Da er aus dickem Eichenholz besteht, benötigt dieser Bogen zwar unglaublich viel Stärke zum Spannen, kann aber in der Hand derer, die ihn im Griff haben, tödliche Schüsse abgeben.",
"$ITM_W_BOW_13","Jagd-Kampf-Bogen+","<RE>$ITM_W_BOW_3_DESC",
"$ITM_W_BOW_14","Relikt des Nordens+","<RE>$ITM_W_BOW_5_DESC",
"$ITM_W_BOW_15","Kriegsbogen eines Hauptmanns+","<RE>$ITM_W_BOW_7_DESC",
"$ITM_W_BOW_16","Triumph des Kriegsherrn+","<RE>$ITM_W_BOW_9_DESC",
"$ITM_W_BOW_17","Vergoldeter Tod+","<RE>$ITM_W_BOW_11_DESC",
"$ITM_W_BOW_18","Grüner Bogen+","<RE>$ITM_W_BOW_1_DESC",
"$ITM_W_BOW_19","Holzbogen+","<RE>$ITM_W_BOW_2_DESC",
"$ITM_W_BOW_20","Jägerbogen+","<RE>$ITM_W_BOW_4_DESC",
"$ITM_W_BOW_21","Geweihbogen+","<RE>$ITM_W_BOW_6_DESC",
"$ITM_W_BOW_22","Großer Hirschbogen+","<RE>$ITM_W_BOW_8_DESC",
"$ITM_W_BOW_23","Komposit-Kriegsbogen+","<RE>$ITM_W_BOW_10_DESC",
"$ITM_W_BOW_24","Verstärkter Langbogen+","<RE>$ITM_W_BOW_12_DESC",
"$ITM_W_STAFF_1","Gehstock","Ein fester, massiver Stock.",
"$ITM_W_STAFF_2","Hirtenstab","Ein einfacher Hirtenstab.",
"$ITM_W_STAFF_3","Stab eines Scharlatans","Dieser mit Verzierungen überladene Stab ist mit seltsamem Text entlang des Schafts verziert. Bei näherer Betrachtung zeigt sich, dass die Schrift nicht mehr als Kauderwelsch ist, eingeritzt um die Ungebildeten zu täuschen. An den Enden hat der Stab mehrere hohle Kammern mit Pudern, um farbigen Rauch zu schaffen und etwas, was einst wohl ein Kanarienvogel war.",
"$ITM_W_STAFF_4","Eichenstab","Ein gut geschnitzter Eichenstab mit einem festen Ledergriff.",
"$ITM_W_STAFF_5","Erzhirtenstab","Dieser robuste Stab ist übersät mit Talismanen, die in mehreren Quaid-, Ash- und Nomaden-Dialekten, sowie in einigen unidentifizierbaren Sprachen beschrieben sind. Entlang der Stabspitze stehen die Quaid-Wörter „Meister der Schafe, Hüter der Lager“. Darunter ist das Wappen des Wüstenjuwels, was zeigt, dass der unglückliche Besitzer damit beauftragt war, die bösartigen Wildschafe unter der Stadt zu pflegen. Das untere Ende des Stabs ist übersät mit hunderten von Zahnabdrücken. Einige Zähne stecken noch immer im Holz.",
"$ITM_W_STAFF_6","Knüppel","Ein robuster Eichenstab mit einem ausgehöhlten und mit Blei befülltem Ende, um die Masse zu erhöhen.",
"$ITM_W_STAFF_7","Waffe der Bestie","Dieser außergewöhnliche Stab ist aus einem einzigen Stück Elfenbein geschnitzt. Allein der Gedanke, welches Monster ein so großes Horn hervorbringen kann, ist wahrlich furchterregend. Kunstvolle Schnitzereien entlang des Stabs scheinen die Geschichte eines unbekannten Helden zu erzählen. Sie passt zu keiner Ash-, Nomaden- oder Quaid-Geschichte und es gibt auch keine identifizierenden Worte, sodass sowohl der Schnitzer als auch das Monster, von dem dieser Stab stammt, ein Geheimnis bleiben.",
"$ITM_W_STAFF_8","Eisenholzstab","Ein ausgezeichneter Stab, der aus den seltensten Hölzern geschnitzt ist.",
"$ITM_W_STAFF_9","Henkersknüppel","Dieser kräftige Stab ist mit Eisen beschlagen, ein Ende wurde ausgehöhlt und mit Blei gefüllt, um ihm zusätzliche Wucht beim Schwung zu geben. Seltsame Einätzungen verzieren die Metalloberfläche. Die Sprache ist unbekannt, vermutlich eine der vielen Sprachen, die in den nördlichen Stadtstaaten gesprochen werden. Gekreuzte Schlüssel unterhalb eines Totenkopfs symbolisieren vermutlich eine verantwortungsvolle Position, vielleicht ein Gefängniswärter, ein Henker oder ein anderes Amt, das für ein Schwert als unwürdig betrachtet wird. Blutflecken auf der Trefffläche des Stabs zeigen, dass diese Aufgabe häufig in Anspruch genommen wurde.",
"$ITM_W_STAFF_10","Stahlbeschlagener Stab","Ein robuster Stab, der mit langen Stahlplatten verstärkt wurde.",
"$ITM_W_STAFF_11","Bewahrer der Flamme","Dieser Stab mit Silberplatten ist nach Generationen der Nutzung angelaufen. Weniger befleckte Stellen scheinen mit altertümlichen Quaid-Schriften überdeckt zu sein. Durch das Verdunkeln des Silbers und das extrem hohe Alter des Dialekts ist das meiste nicht zu entziffern. Die Phrase „Jene, die die Flamme halten“ erscheint mehrere Male, sowie „Ekstase … aufzehren“. Beide Enden des Stabs sind dank angehäufter Brandspuren fast schwarz, vielleicht ein Hinweis auf eine Nutzung in einem imperialen Quaid-Feuerritual.",
"$ITM_W_STAFF_12","Pilgerstab","Einer der vielen Stäbe, welche die Selini-Mönche Reisenden schenkten. Der Schaft ist mit Stahlplatten verstärkt und in die Holzoberfläche sind Gebete eingeschnitzt.",
"$ITM_W_STAFF_13","Kozomons Szepter","Dieser rustikale Eichenstab trägt in einem unglaublich alten Ash-Dialekt die Inschrift „Kozomon Kastankim“, was dieses einfache Gerät als Eigentum des ersten Jüngers Selinadts ausweist. Dieses Relikt galt als verloren, als sein Kapitelhaus in den letzten Jahren des Quadanischen Kriegs ausgeraubt wurde. Das Gold und die Juwelen, die zur Verzierung genutzt wurden sind vor langer Zeit entfernt worden, aber der Stab selbst ist unbeschädigt. Jahrhunderte der Verehrung und einige Feuer haben das ursprüngliche Holz fast pechschwarz gemacht, es hat dennoch all seine Stärken behalten.",
"$ITM_W_STAFF_14","Stab eines Scharlatans+","<RE>$ITM_W_STAFF_3_DESC",
"$ITM_W_STAFF_15","Erzhirtenstab+","<RE>$ITM_W_STAFF_5_DESC",
"$ITM_W_STAFF_16","Waffe der Bestie+","<RE>$ITM_W_STAFF_7_DESC",
"$ITM_W_STAFF_17","Henkersknüppel+","<RE>$ITM_W_STAFF_9_DESC",
"$ITM_W_STAFF_18","Bewahrer der Flamme+","<RE>$ITM_W_STAFF_11_DESC",
"$ITM_W_STAFF_19","Kozomons Szepter+","<RE>$ITM_W_STAFF_13_DESC",
"$ITM_W_STAFF_20","Gehstock+","Ein fester, massiver Stock.<N><N>Durch eine Verzauberung ist die Waffe mächtiger als normalerweise.",
"$ITM_W_STAFF_21","Hirtenstab+","Ein einfacher Hirtenstab.<N><N>Durch eine Verzauberung ist die Waffe mächtiger als normalerweise.",
"$ITM_W_STAFF_22","Eichenstab+","Ein gut geschnitzter Eichenstab mit einem festen Ledergriff.<N><N>Durch eine Verzauberung ist die Waffe mächtiger als normalerweise.",
"$ITM_W_STAFF_23","Knüppel+","Ein robuster Eichenstab mit einem ausgehöhlten Ende, der mit Blei gefüllt ist, um die Masse zu erhöhen.<N><N>Durch eine Verzauberung ist die Waffe mächtiger als normalerweise.",
"$ITM_W_STAFF_24","Eisenholzstab+","Ein ausgezeichneter Stab, der aus den seltensten Hölzern geschnitzt ist.<N><N>Durch eine Verzauberung ist die Waffe mächtiger als normalerweise.",
"$ITM_W_STAFF_25","Stahlbeschlagener Stab+","Ein robuster Stab, der mit langen Stahlplatten verstärkt wurde.<N><N>Durch eine Verzauberung ist die Waffe mächtiger als normalerweise.",
"$ITM_W_STAFF_26","Pilgerstab","Einer der vielen den Reisenden von den Selini-Mönchen gegeben Stäbe. Der Schaft ist mit Stahlplatten verstärkt und in die Holzoberfläche sind Gebete eingeschnitzt.<N><N>Durch eine Verzauberung ist die Waffe mächtiger als normalerweise.",
"$ITM_W_BOOK_1","Blitzschlag","Blitze schockieren die Gegner und lähmen sie kurzzeitig.",
"$ITM_W_BOOK_2","Kettenblitz","Der Blitz trifft pro verteiltem Fertigkeitspunkt 1 weiteres Ziel mit abnehmender Stärke.",
"$ITM_W_BOOK_3","Wilder Start","Neu beschworene Verteidiger haben Kampfrausch.",
"$ITM_W_BOOK_4","Wildes Ende","Verteidiger unter 25% Gesundheit erhalten Kampfrausch.",
"$ITM_W_BOOK_5","Licht des Urteils","Das Wirken von Heilen fügt allen Gegnern BLIND zu.",
"$ITM_W_BOOK_6","Licht der Pracht","Das Wirken von Heilen fügt allen Gegnern LICHT zu.",
"$ITM_W_BOOK_7","Langsamer Start","Neu erscheinende Gegner sind kurzzeitig verlangsamt.",
"$ITM_W_BOOK_8","Langsames Ende","Gegner werden langsamer, wenn sie sich $MCG nähern.",
"$ITM_W_BOOK_9","Kristallacker","$MCG startet das Level umgeben von einigen Kristallen.",
"$ITM_W_BOOK_10","Psischild","Gegner, die $MCG treffen, entziehen Psi statt TP. Für jeden auf den Kristall-Zauber verwendeten Punkt wird weniger Psi genommen.",
"$ITM_W_BOOK_11","Explosiver Start","Das Beschwören und Verstärken der Verteidiger führt zu einer kleinen Explosion.",
"$ITM_W_BOOK_12","Explosives Ende","Eine kleine Explosion wird ausgelöst, wenn ein Verteidiger besiegt wird.",
"$ITM_W_BOOK_13","Buch der Seuchen","Alle Verteidiger und Gegner, mit Ausnahme von $MCG, sind dauerhaft vergiftet.<N><N>Vielleicht solltest du dieses Buch auf dein nächstes Abenteuer mitnehmen.",
"$ITM_W_BOOK_14","Buch des Bluts","Alle Verteidiger und Gegner, $MCG eingeschlossen, nicht jedoch Bosse, bluten dauerhaft.<N><N>Vielleicht solltest du dieses Buch auf dein nächstes Abenteuer mitnehmen.",
"$ITM_W_BOOK_15","Buch der Synergie","Eis, Wasser und Feuer heben sich nicht mehr auf.<N><N>Vielleicht solltest du dieses Buch auf dein nächstes Abenteuer mitnehmen.",
"$ITM_W_BOOK_16","Tal der Vergessenen","Dieses Buch hat keine magischen Kräfte, aber es ist stattdessen eine Autobiographie. Es erzählt die Geschichte einer jungen Ashen-Bibliothekarin, die eine Epidemie überlebt, nur um sich in einer Pest-Kolonie wiederzufinden. Es ist in der Form eines Journals geschrieben mit vielen Abbildungen, die aus improvisierten Materialien wie Kohle, Tee, Pflanzenextrakten und Blut gezeichnet sind.<N><N>Vielleicht solltest du dieses Buch auf dein nächstes Abenteuer mitnehmen.",
"$ITM_W_BOOK_17","Buch der Wagnis","Verteidiger können nicht wieder beschworen werden, sobald sie besiegt oder aus dem Kampf zurückgerufen wurden.",
"$ITM_W_BOOK_18","Buch der Stille","$MCG kann im Kampf keine Zauber wirken.",
"$ITM_W_BOOK_19","Buch des Gesichts","Funktioniert NUR bei EXTREMEN Herausforderungen: <N><N> Gegner werden zufällig ihren „Status“ mit neuen Gesichtern ändern. Ziemlich seltsam.",
"$ITM_W_BOOK_20","Anonymes Buch","Funktioniert NUR bei EXTREMEN Herausforderungen: <N><N> Verteidiger werden anonym, erhalten eine Chance von +3% auf Ausweichen und 2-fachen Schaden gegen Trolle.",
"$ITM_W_BOOK_21","Buch der Geheimnisse","Du kannst ein leises Flüstern hören, wenn du es an dein Ohr hältst.<N><N>Vielleicht solltest du dieses Buch auf dein nächstes Abenteuer mitnehmen.",
