"flag","content",
"$TITLE_START_DEMO","DEMO starten",
"$TITLE_FULL_GAME","VOLLVERSION",
"$TITLE_START_GAME","SPIEL starten",
"$TITLE_START","Start",
"$TITLE_QUIT","Beenden",
"$TITLE_EULA_1","Durch Spielen akzeptierst du unseren",
"$TITLE_EULA_2","Endnutzer-Lizenzvertrag („EULA“)",
"$TITLE_PLEASE_WAIT","Bitte warten …",
"$TITLE_BONUS_GOODIES","Bonusinhalt",
"$TITLE_BONUS_GOODIES_2","Geheimnisse?",
"$TITLE_CONNECTING_KONG","Verbinde zu KONG …",
"$TITLE_UNLOAD_MOD","Mod deaktivieren",
"$TITLE_RELOAD_MOD","Mod wieder aktivieren",
"$DEMO_OVER_PLEASE_WAIT","<RE>$MISC_PLEASE_WAIT",
"$DEMO_OVER_DONT_FORGET","Vergiss deinen Spielstand nicht!",
"$DEMO_OVER_EXPORT_HOW","Exportiere deinen Spielstand mit diesem Knopf.",
"$DEMO_OVER_USE_IT","Benutze ihn, um dort weiterzumachen, wo du aufgehört hast!",
"$DEMO_OVER_PLAY","Bleib ein Spieler!",
"$DEMO_OVER_THANKS","Vielen Dank fürs Spielen!",
"$DEMO_OVER_ENORMOUS","Klicke auf den enormen Knopf, um deine Aufgabe fortzusetzen!",
"$DEMO_OVER_ENORMOUS_2","Klicke auf einen enormen Knopf, um deine Aufgabe fortzusetzen!",
"$DEMO_OVER_FULL_GAME","Hol dir die VOLLVERSION!",
"$DEMO_OVER_FULL_GAME_NUMS","y_off:-15,x_off:0",
"$DEMO_OVER_FULL_GAME_SHORT","VOLL<N>VERSION!",
"$DEMO_OVER_ACTS","Akte<N>III & IV",
"$DEMO_ONLY_X_KREDS","Nur <X> Kreds!",
"$DEMO_ONLY_LOGIN_TITLE","FREE!",
"$DEMO_ONLY_LOGIN_TEXT","Unlocks Acts III & IV!<N>2 more character classes!<N>6 more battle maps!<N><N>@It's FREE:@<N>Register a kong account<N>(or sign in if you have one)<N>then restart the game.<N>",
"$DEMO_ONLY_BUY_TEXT","@Includes DOWNLOADABLE game and soundtrack!@<N>Unlocks Acts III - VII!<N>All 6 character classes!<N>All 108 cutscenes!<N>All 39 battle maps!<N>All 14 bonus battles!<N><N>New Game+ mode!<N>Original game x 2!<N>All new enemy types!<N>7 new sidequests!<N>Loot, books, and bonuses!<N><N>",
"$DEMO_FREE_IF_REGISTERED","Kostenlos für Mitglieder",
"$ERROR_TITLE","Ein Fehler ist aufgetreten.",
"$ERROR_NUMBER","Fehler #",
"$ERROR_CONTEXT","Kontext",
"$ERROR_MESSAGE","Nachricht",
"$ERROR_STACK","Stack Trace",
"$PARTY_FROM_BATTLE","Vom Kampf",
"$PARTY_GO_TO_MAP","Zur Karte",
"$PARTY_CONTINUE_NUMS","fontmap:20,fonttown:16,fontcontinue:20",
"$PARTY_RETURN_TOWN","Kehre zur Stadt zurück",
"$PARTY_CANT_WEAPON","Kann<N>keine<N>WAFFEN<N>nutzen",
"$PARTY_CANT_ARMOR","Kann<N>keine<N>RÜSTUNG<N>nutzen",
"$PARTY_RESET_POINTS","Zurück-<N>setzen",
"$PARTY_RESET_POINTS_NUMS","font:12,off_x:0,off_y:-4,leading:-4",
"$PARTY_X_PTS","<X> pts",
"$PARTY_REDESIGN","Neu<N?>zuweisen",
"$PARTY_REDESIGN_NUMS","font:12,off_x:0,off_y:-6,leading:-4",
"$PARTY_CHANGE_NAME_NUMS","font:12,off_x:0,off_y:-6,leading:-4",
"$PARTY_CONFIRM_CHANGES","Änderungen bestätigen",
"$PARTY_FAILED","Level nicht geschafft!",
"$PARTY_FAILED_DESC","<MCG> wurde getötet.",
"$PARTY_NO_NEW_ACHIEVE","Keine neuen Erfolge.",
"$PARTY_WELL_DONE","GUT GEMACHT!",
"$PARTY_ACHIEVE_SINGULAR","Erfolg",
"$PARTY_ACHIEVE_PLURAL","Erfolge",
"$PARTY_1_NEW_ACHIEVE","1 neuer Erfolg!",
"$PARTY_X_NEW_ACHIEVE","<NUM> neue Erfolge!",
"$PARTY_PERFECT_WORD","Perfekt",
"$PARTY_PASSED_WORD","Geschafft",
"$PARTY_FAIL_PENALTY","Strafe",
"$PARTY_TOTAL","Total",
"$PARTY_PERFECT","PERFEKT!",
"$PARTY_PERFECT+","PERFEKT!+",
"$PARTY_PERFECT++","PERFEKT!++",
"$PARTY_PERFECT_DESC","<MCG> hat unverletzt überlebt!",
"$PARTY_PERFECT++_DESC","<MCG> und <ALLY><N>wurden nicht verletzt!",
"$PARTY_PERFECT+_DESC","<MCG> ist unverletzt!<N><ALLY> wurde verletzt!",
"$PARTY_PERFECT_ALLY_DEAD_DESC","<MCG> ist unverletzt, aber <ALLY> ist gestorben.",
"$PARTY_PASSED","Level geschafft!",
"$PARTY_PASSED+","Level geschafft!+",
"$PARTY_PASSED++","Level geschafft!++",
"$PARTY_PASSED_DESC","<MCG> hat den Kampf<N>mit Verletzungen überlebt.",
"$PARTY_PASSED_ALLY_DEAD_DESC","<ALLY> wurde getötet,<N>aber <MCG> hat überlebt.",
"$PARTY_PASSED+_DESC","<MCG> wurde verletzt!<N><ALLY> hat überlebt!",
"$PARTY_PASSED++_DESC","<MCG> wurde verletzt!<N><ALLY> hat unverletzt überlebt!",
"$PARTY_DEFEATED_WAVE_X","Welle <X> besiegt",
"$PARTY_REACHED_WAVE_X","Welle <X> erreicht",
"$PARTY_NO_POINTS","Es gibt keine neu zuweisbaren Punkte!",
"$PARTY_NO_AFFORD","Du kannst dir das nicht leisten!<N>Kosten:<T><COST><N><T>Kram:<T><SCRAP>",
"$PARTY_RE_ASSIGN","Alle Talente von <NAME> neu zuweisen?<N>Kosten:<T><COST><N><T>Kram:<T><SCRAP>",
"$PARTY_CHANGE_NAME","Namen<N?>ändern",
"$PARTY_CONFIRM_POINTS_1_1","Permanent 1 Talentpunkt an 1 Charakter verteilen?",
"$PARTY_CONFIRM_POINTS_1_X","Permanent 1 Talentpunkt an <CHARS> Charaktere verteilen?",
"$PARTY_CONFIRM_POINTS_X_1","Permanent <POINTS> Talentpunkte an 1 Charakter verteilen?",
"$PARTY_CONFIRM_POINTS_X_X","Permanent <POINTS> Talentpunkte an <CHARS> verteilen?",
"$PARTY_POINT","Punkt",
"$PARTY_POINTS","Punkte",
"$PARTY_CHARACTER","Charakter",
"$PARTY_CHARACTERS","Charaktere",
"$PARTY_CONFIRM_POINTS_TITLE","Talentpunkte bestätigen",
"$PARTY_RENAME","Umbenennen",
"$PARTY_REDESIGN","Neu<N?>zuweisen",
"$UI_EQUIP_NAME","Name",
"$UI_EQUIP_STAT","Stat",
"$UI_EQUIP_OWNER","Besitzer",
"$UI_EQUIP_SHOW_EQUIPPED","Zeige ausgerüstete Gegenstände",
"$UI_EQUIP_CLASS_CANT_W","Diese Klasse kann keine Waffen ausrüsten!",
"$UI_EQUIP_CLASS_CANT_A","Diese Klasse kann keine Rüstung anlegen!",
"$UI_EQUIP_ALL_W_SWORD","Alle Schwerter ausgerüstet!",
"$UI_EQUIP_ALL_W_BOW","Alle Bogen ausgerüstet!",
"$UI_EQUIP_ALL_W_STAFF","Alle Stäbe ausgerüstet!",
"$UI_EQUIP_ALL_A_LIGHT","Gesamte leichte Rüstung angelegt!",
"$UI_EQUIP_ALL_A_HEAVY","Gesamte schwere Rüstung angelegt!",
"$UI_EQUIP_ALL_W_BOOK","Alle Bücher ausgerüstet!",
"$UI_EQUIP_NO_W_SWORD","Keine Schwerter in Besitz!",
"$UI_EQUIP_NO_W_BOW","Keine Bogen in Besitz!",
"$UI_EQUIP_NO_W_STAFF","Keine Stäbe in Besitz!",
"$UI_EQUIP_NO_W_BOOK","Keine Bücher in Besitz!",
"$UI_EQUIP_NO_A_LIGHT","Keine leichte Rüstung in Besitz!",
"$UI_EQUIP_NO_A_HEAVY","Keine schwere Rüstung in Besitz!",
"$UI_ACCEPT_NUMS","font:18,off_y:1,off_x:-3",
"$UI_BACK_NUMS","font:18,off_y:1,off_x:-3",
"$UI_AUDIO_NUMS","font:18,off_y:1,off_x:-2",
"$UI_VIDEO_NUMS","font:18,off_y:1,off_x:-2",
"$UI_MISC_NUMS","font:18,off_y:1,off_x:-2",
"$UI_ACCESS_NUMS","speed_off_x:-65,radio_space_y:7,font:18,off_y:1,off_x:-2,show_boxes:1,absence_off_x:0",
"$UI_ACHIEVEMENTS_NUMS","font:18,off_y:0,pop_up_off_y:0,desc_font:11,title_font:11,popup_font:16",
"$UI_RESTART_NUMS","font:18,off_y:1,off_x:-2",
"$UI_QUIT_NUMS","font:16,off_y:3,off_x:0",
"$UI_CONTROLS_NUMS","font:18,off_y:1,off_x:-2",
"$UI_OPTIONS_NUMS","font:18,off_y:1,off_x:-2",
"$UI_CONTROLS_TITLE","Steuerung",
"$UI_VIDEO_TITLE","Video",
"$UI_AUDIO_TITLE","Audio",
"$UI_ACCESS_TITLE","Schwierigkeit",
"$UI_MISC_TITLE","Sonstiges",
"$UI_OPTIONS_TITLE","Optionen",
"$UI_OPTIONS_MENU","Optionsmenü",
"$UI_OPTIONS_SPEED","Spielgeschwindigkeit",
"$UI_ACHIEVEMENTS_TITLE","Erfolge",
"$UI_ACHIEVEMENTS_BUTTON_NUMBERS","font:18,offy:-2",
"$UI_SFX","SFX:",
"$UI_MUSIC","Musik",
"$UI_ACCESS_REWARDS","ERLEICHTERUNGEN",
"$UI_ACCESS_PENALTIES","NEGATIV-EFFEKTE",
"$UI_ACCESS_DEFAULT","Standardeinstellungen",
"$UI_ACCESS_FAIL","SCHEITERN",
"$UI_ACCESS_ABSENCE","NICHT-<N>NUTZEN",
"$UI_ACCESS_FLASHING","Blink-Effekte",
"$UI_ACCESS_SPEED","Spielgeschwindigkeit",
"$UI_BONUS_NUMS","select_font:14,locked_font:11",
"$UI_BONUS_BONUS_LEVELS","Bonuslevel",
"$UI_BONUS_STARS_LINE","<STAR_NUM> <STAR_COLOR> Sterne",
"$UI_BONUS_GOLD_STARS_LINE","<STAR_NUM> goldenen<N>Sternen",
"$UI_BONUS_BLUE_STARS_LINE","<STAR_NUM> blaue<N>Sternen",
"$UI_MOVIE_SELECT_A_MOVIE","Filmsequenz auswählen",
"$UI_MOVIE_SCENE","Szene  ",
"$UI_MOVIE_QUEST","Aufgabe",
"$UI_MOVIE_END","Ende   ",
"$UI_TIPS_TITLE","Tipps & Tricks",
"$UI_UPDATER_CANCEL","<RE>$MISC_CANCEL",
"$UI_UPDATER_SECURED_WITH","Dieses Update ist über HTTPS <N> und „Public Key Fingerprint“-Autorisierung abgesichert.",
"$UI_UPDATER_ASK_DOWNLOAD","Das Update herunterladen?",
"$UI_UPDATER_SERVER_TIMEOUT","Server-Zeitüberschreitung!",
"$UI_UPDATER_NO_INFO","Konnte Update-Informationen auf dem Server nicht finden.",
"$UI_UPDATER_NO_BIG_DEAL","Das ist keine große Sache, du kannst immer noch das Spiel spielen, du kannst schlichtweg den Update-Server momentan nicht erreichen.",
"$UI_UPDATER_DEB","DEB-Paket",
"$UI_UPDATER_RPM","RPM-Paket",
"$UI_UPDATER_TARGZ","TAR.GZ-Archiv",
"$UI_UPDATER_CHECKING","Überprüfe auf Updates …",
"$UI_UPDATER_UPDATE_EXISTS","Aktualisierte Version verfügbar!",
"$UI_UPDATER_CURRENT_VERSION","Aktuelle Version:<T>",
"$UI_UPDATER_NEWEST_VERSION","Neueste Version:<T>",
"$UI_UPDATER_NO_UPDATES","Keine Updates verfügbar.",
"$UI_UPDATER_PLEASE_WAIT","<RE>$MISC_PLEASE_WAIT",
"$UI_UPDATER_TRYING_30","Versuche für 30 Sekunden",
"$UI_UPDATER_CONNECT_AGAIN","Verbinde wieder",
"$UI_UPDATER_ERROR!","FEHLER!",
"$UI_UPDATER_DETAILS","Details:",
"$UI_UPDATER_NO_VERIFY","Konnte Update-Datei nicht verifizieren.",
"$UI_UPDATER_NO_DOWNLOAD","Konnte Update-Datei nicht herunterladen.",
"$UI_UPDATER_CHECKSUM_MISMATCH","Die Prüfsumme der Datei entsprach nicht unserer Erwartung. <N><N> Mögliche Ursachen sind ein unvollständiger Download (wahrscheinlich), ein Sicherheitsproblem (unwahrscheinlich) oder aber Kosmische Strahlung (man kann nie wissen!). <N><N> Jedenfalls ging das Update schief.",
"$UI_UPDATER_GIVE_UP","Aufgeben",
"$UI_UPDATER_TRY_AGAIN","Neu versuchen",
"$UI_UPDATER_CONNECTING","Verbinde zum Server …",
"$UI_UPDATER_DOWNLOADING_FILE","Lade Update-Datei herunter …",
"$UI_UPDATER_DOWNLOADING_SIG","Lade Update-Signatur herunter …",
"$UI_UPDATER_CHECKSUM","Berechne Prüfsumme …",
"$UI_UPDATER_NAVIGATING","Leite zur Datei …",
"$UI_UPDATER_CLOSE_WINDOW","Du musst vor Installation des Updates dieses Fenster schließen.",
"$UI_UPDATER_FILE_IS_AT","Dein Update befindet sich bei:",
"$UI_UPDATER_IF_NO_WINDOW","Sollte sich kein Weiterleitungs-Ordner öffnen, versuche manuell dorthin zu gehen.",
"$UI_UPDATER_DOWNLOADED","Update heruntergeladen!",
"$UI_UPDATER_NAVIGATE_NOW","Zur Datei weiterleiten?",
"$UI_UPDATER_NOTE","Hinweis:",
"$UI_UPDATER_SECURITY","Aus Sicherheitsgründen musst du das geladene Installationsprogramm manuell ausführen. <N><N> Dieses Programm wird dich zur Position der Datei leiten.",
"$UI_UPDATER_INSTALLING","Installiere Update …",
"$UI_UPDATER_EXITING","Schließe Programm …",
"$UI_DEFENDER_RECALL_LINE","RÜCKRUF: +<PSI> Psi",
"$UI_DEFENDER_ORB_NUMS","orb_space:0",
"$UI_DEFENDER_BOOST","STÄRKEN: <PSI> Psi",
"$UI_DEFENDER_BOOST_NEED","STÄRKEN: Brauche <PSI> Psi",
"$UI_DEFENDER_BOOST_NEED_NUMS","font:11,x_off:0,y_off:2",
"$UI_DEFENDER_BOOST_MAX","MAXIMALE STÄRKE",
"$UI_DEFENDER_BOOST_UNLOCK","Wird auf STÄRKUNGSLEVEL <LVL> freigeschaltet.",
"$UI_DEFENDER_CLICK_TO","(Zum Aktivieren/Deaktivieren klicken)",
"$UI_DEFENDER_TECHNIQUES","TECHNIKEN",
"$UI_DEFENDER_TECHNIQUE","Technik",
"$UI_DEFENDER_TRAITS","MERKMALE",
"$UI_DEFENDER_TRAIT","Merkmal",
"$UI_DEFENDER_RECALL","Zurückrüfen",
"$UI_SKILLS_CLICK_TO_UPGRADE","Zum Verbessern klicken.",
"$UI_SKILLS_MAX","MAXIMUM",
"$MISC_MAX","MAX",
"$UI_SKILLS_NO_POINTS","Keine Punkte verfügbar.",
"$UI_SKILLS_REQ_1PT","BENÖTIGT: Char. Level <LVL>,<N><PT> Punkt bei <SKILL>",
"$UI_SKILLS_REQ_XPT","BENÖTIGT: Char. Level <LVL>,<N><PT> Punkte in <SKILL>",
"$UI_SKILLS_NO_LEARN_SPELL","Du hast diesen Zauber noch nicht gelernt.",
"$UI_SKILLS_MOUSE_OVER","Zum Ansehen mit Maus überfahren.",
"$UI_EQUIP_OWNED","in Besitz",
"$UI_EQUIP_COMPARE","vergleichen",
"$UI_EQUIP_PRICE","Preis",
"$UI_EQUIP_SHOW_EQUIPPED","Zeige ausgerüstete Gegenstände",
"$UI_EQUIP_EQUIP_AFTER","Nach Kauf ausrüsten",
"$UI_EQUIP_EQUIP_WHO","Wer soll damit ausgerüstet werden?",
"$UI_EQUIP_EQUIPPED","Ausgerüstet",
"$UI_EQUIP_MAX_OWNED","MAXIMALE ANZAHL IN BESITZ",
"$UI_EQUIP_ALL_W_SWORD_EQUIPPED","Alle Schwerter ausgerüstet!",
"$UI_EQUIP_ALL_W_STAFF_EQUIPPED","Alle Stäbe ausgerüstet!",
"$UI_EQUIP_ALL_W_BOW_EQUIPPED","Alle Bogen ausgerüstet!",
"$UI_EQUIP_ALL_A_LIGHT_EQUIPPED","Gesamte leichte Rüstung ausgerüstet!",
"$UI_EQUIP_ALL_A_HEAVY_EQUIPPED","Gesamte schwere Rüstung ausgerüstet!",
"$UI_EQUIP_CANT_UPGRADE_W_SWORD","Du hast keine Schwerter, die ich verbessern könnte!",
"$UI_EQUIP_CANT_UPGRADE_W_BOW","Du hast keine Bogen, die ich verbessern könnte!",
"$UI_EQUIP_CANT_UPGRADE_W_STAFF","Du hast keine Stäbe, die ich verbessern könnte!",
"$UI_EQUIP_CANT_UPGRADE_A_LIGHT","Du hast keine leichte Rüstung, die ich verbessern könnte!",
"$UI_EQUIP_CANT_UPGRADE_A_HEAVY","Du hast keine schwere Rüstung, die ich verbessern könnte!",
"$UI_EQUIP_NO_W_SWORD","Keine Schwerter in Besitz!",
"$UI_EQUIP_NO_W_STAFF","Keine Stäbe in Besitz!",
"$UI_EQUIP_NO_W_BOW","Keine Bogen in Besitz!",
"$UI_EQUIP_NO_A_LIGHT","Keine leichte Rüstung in Besitz!",
"$UI_EQUIP_NO_A_HEAVY","Keine schwere Rüstung in Besitz!",
"$UI_EULA_TITLE","Endnutzer-Lizenzvertrag",
"$UI_ACHIEVE_COMPLETION","Fertigstellung",
"$UI_ACHIEVE_CATEGORIES","Kategorien",
"$UI_ACHIEVE_POP_UP","Meldungen",
"$UI_ACHIEVE_TRAINER","Trainer",
"$UI_ACHIEVE_EASY","Einfach",
"$UI_ACHIEVE_MEDIUM","Mittel",
"$UI_ACHIEVE_HARD","Schwer",
"$UI_ACHIEVE_IMPOSSIBLE","Unmöglich",
"$UI_CONTROLS_SPELL","Zauber",
"$UI_CONTROLS_CLASS","Klasse",
"$UI_CONTROLS_CHARACTER","Charakter",
"$UI_CONTROLS_TARGET","Ziel",
"$UI_CONTROLS_PAUSE","Pause",
"$UI_CONTROLS_MINUS_SPEED","langsamer",
"$UI_CONTROLS_PLUS_SPEED","schneller",
"$UI_CONTROLS_BOOST","Stärken",
"$UI_CONTROLS_RECALL","Rückruf",
"$UI_CONTROLS_BACK","Zurück",
"$UI_CONTROLS_PRESETS","Voreinstellungen",
"$UI_CONTROLS_TAB_NAV","Tab-<N>Navigation",
"$UI_CONTROLS_CYCLE","Verteidiger<N>durch-<N>wechseln",
"$UI_CONTROLS_CYCLE_NUMS","off_x:-5,text_off_y:-8",
"$UI_CONTROLS_SCROLL","Karte bewegen,<N>Verteidiger platzieren",
"$UI_CONTROLS_MOVE_CURSOR","Mauszeiger bewegen:",
"$UI_CONTROLS_VIRTUAL_MOUSE","Virtuelle Maus",
"$UI_CONTROLS_CLICK","Klicken",
"$UI_CONTROLS_SPEED","Geschwin-<N>digkeit",
"$UI_CONTROLS_SPEED_NUMS","font:13,off_x:0,off_y:0,text_off_x:0,text_off_y:-8",
"$UI_CONTROLS_ACCEL","Beschleu-<N>nigung",
"$UI_CONTROLS_ACCEL_NUMS","font:13,off_x:0,off_y:0,text_off_x:0,text_off_y:-8",
"$UI_CONTROLS_SLOWEST","Langsamste",
"$UI_CONTROLS_SLOW","Langsam",
"$UI_CONTROLS_NORMAL","Normal",
"$UI_CONTROLS_FAST","Schnell",
"$UI_CONTROLS_NONE","Keine",
"$UI_CONTROLS_PRESET_QWERTY","Qwerty",
"$UI_CONTROLS_PRESET_LEFTY","Lefty",
"$UI_CONTROLS_PRESET_AZERTY","Azerty",
"$UI_CONTROLS_PRESET_QWERTZ","Qwertz",
"$UI_CONTROLS_PRESET_DVORAK","Dvorak",
"$UI_CONTROLS_PRESET_CUSTOM","Eigene",
"$UI_DOWNLOAD_WARNING","DEAKTIVIERE DEINEN POPUP-BLOCKER!",
"$UI_DOWNLOAD_BODY","Klicke auf die Schaltfläche, um die <N> Desktop-Version des Spiels herunterzuladen. <N><N> Es wird in einem neuen Fenster/Tab geladen. <N> Es könnte eine kurze Verzögerung geben, <N> also warte eine Minute und klicke nicht wild auf den Knöpfen rum.",
"$UI_DOWNLOAD_LINUX","Linux",
"$UI_DOWNLOAD_WINDOWS","Windows",
"$UI_DOWNLOAD_MACINTOSH","Macintosh",
"$UI_DOWNLOAD_SOUNDTRACK","Soundtrack",
"$UI_CONFLICT_TITLE","Steam-Cloud-Konflikt!",
"$UI_CONFLICT_MSG","Wir wissen nicht, was hiervon in Position <SLOT> soll.<N>Bitte wähle das aus, was du behalten möchtest.",
"$UI_CONFLICT_CLOUD","CLOUD",
"$UI_CONFLICT_LOCAL","COMPUTER",
"$UI_CONFLICT_BETTER","Wir denken, dass dies besser ist",
"$UI_CONFLICT_BUTTON","Benutze dies",
"$UI_CONFLICT_BUTTON_NUMS","font:13,x_off:0,y_off:-8",
"$UI_CONFLICT_NGP","Neues Spiel+",
"$UI_CONFLICT_BACKUP","Sichere die Datei, die ich nicht auswähle, unter:<N><LOC>",
"$UI_GAMEPLAY_MISCELLANEOUS","Verschiedenes",
"$UI_GAMEPLAY_CLOUD_SAVE","Cloud-Spielstände",
"$UI_GAMEPLAY_OFF","Aus",
"$UI_GAMEPLAY_ON","An",
"$UI_GAMEPLAY_TUTORIALS","Tutorials",
"$UI_GAMEPLAY_DIALOGUE","Dialog",
"$UI_GAMEPLAY_NEVER","Nie",
"$UI_GAMEPLAY_ALWAYS","Immer",
"$UI_GAMEPLAY_DEFAULT","Nur neue Schlachten",
"$UI_GAMEPLAY_BATTLE_NUMBERS","Schadenszahlen",
"$UI_GAMEPLAY_HIDE","Verstecken",
"$UI_GAMEPLAY_SHOW","Zeigen",
"$UI_GAMEPLAY_TRACKING","Datenaufzeichnung",
"$UI_GAMEPLAY_TRACK_YES","Lass uns anonyme Spielstatistiken aufzeichnen",
"$UI_GAMEPLAY_TRACK_NO","Werte mich nicht aus!",
"$UI_GAMEPLAY_AUTO_UPDATE","Auto-Aktualisierungen",
"$UI_GAMEPLAY_ENABLE_UPDATER","Auf Updates prüfen, wenn das Spiel startet",
"$UI_GAMEPLAY_DISABLE_UPDATER","Auto-Aktualisierungen ausschalten",
"$UI_GAMEPLAY_SLOW_FOOTNOTE","Könnte das Spiel verlangsamen",
"$UI_SAVE_PATH","Pfad zum Abspeichern …",
"$UI_MOD_PATH","Pfad zu Mod-Dateien …",
"$TOOLTIP_CHANGE_PATH_1","NOTIZ:",
"$TOOLTIP_CHANGE_PATH_2","Deine alten Dateien werden nicht automatisch zum neuen Ort transferiert.<N><N>Sie bleiben im ursprünglichen Verzeichnis.",
"$UI_VIDEO_IF_DOESNT_WORK","Wenn die neue Auflösung nicht funktioniert,<N>wird sie nach wenigen Sekunden zurückgesetzt.",
"$UI_VIDEO_RES_CHANGED","Die Auflösung hat sich geändert.<N>Gefällt es dir?<N><N>Zurücksetzen in <TIME> Sekunden.",
"$UI_VIDEO_SETTINGS","Video-Optionen",
"$UI_VIDEO_WARNING","Video-Optionen sind im Browser-Modus deaktiviert.",
"$UI_VIDEO_WARNING2","Dein System unterstützt das Ändern der Auflösung im Spiel leider nicht :(",
"$UI_VIDEO_WARNING3","Im KOMPATIBILITÄTSMODUS ist das Ändern der Auflösung deaktiviert.<N><N>Tut uns leid!",
"$UI_VIDEO_MOUSE","Mauszeiger",
"$UI_VIDEO_MOUSE_DEFAULT","Standard",
"$UI_VIDEO_MOUSE_FANCY","Schick",
"$UI_VIDEO_PARTICLES","Teilchen",
"$UI_VIDEO_SWIRL","Kampfanimation",
"$UI_VIDEO_AOE","Umgebungs-Attacken hervorheben",
"$UI_VIDEO_CHANGE_RES","Auflösung ändern",
"$UI_VIDEO_SCREEN_POS","Bildschirmposition",
"$UI_VIDEO_CHANGE_RES_BUTTON","Ändere es!",
"$UI_VIDEO_SHOW_ALL_RES","Zeige alle Auflösungen",
"$UI_VIDEO_RECOMMENDED","Empfohlen:",
"$UI_VIDEO_STANDARD_RATIO","(Standard-Verhältnis)",
"$UI_VIDEO_WIDESCREEN","(Breitbild)",
"$UI_VIDEO_PIXELS","Pixel",
"$UI_VIDEO_BIT_DEPTH","Tiefe",
"$UI_VIDEO_REFRESH","Aktualisieren",
"$UI_VIDEO_SCALE","Strecken",
"$UI_VIDEO_CAN_SLOW_GAME","(Kann das Spiel verlangsamen)",
"$UI_VIDEO_WINDOWED","Im Fenster",
"$UI_VIDEO_FULLSCREEN","Vollbild",
"$UI_SAVE_ERROR_INCOMPAT","Inkompatibel",
"$UI_SAVE_ERROR_INCOMPAT_TEXT","Fehler! Du spielst die DEMO<N>und die Datei ist aus der VOLLversion.",
"$UI_SAVE_DEMO_IMPORT","Demo-Import",
"$UI_SAVE_DEMO_IMPORT_TEXT","Die Datei ist aus der DEMO. Einige Anpassungen könnten vorgenommen werden.<N>Ist das ok?",
"$UI_SAVE_DEMO_NEWER","<N>Die Datei ist aus einer NEUEREN Version des Spiels,<N>sie könnte inkompatibel sein.<N>Den Import dennoch versuchen?",
"$UI_SAVE_DEMO_OLDER","<N>Die Datei ist aus einer ÄLTEREN Version des Spiels,<N>einige Anpassungen könnten vorgenommen werden.<N>Ist das ok?",
"$UI_NORM_MOD_INCOMPAT_TEXT","<N>Datei ist aus einer Mod,<N>sie könnte inkompatibel sein.<N><N>Import dennoch versuchen?",
"$UI_MOD_NORM_INCOMPAT_TEXT","<N>Eine Mod ist aktiv, aber diese<N>Datei ist aus dem normalen Spiel,<N>sie könnte inkompatibel sein.<N><N>Import dennoch versuchen?",
"$UI_MOD_MOD_INCOMPAT_TEXT","<N>Datei ist aus einer anderen Mod,<N>sie könnte inkompatibel sein.<N><N>Import dennoch versuchen?",
"$UI_SAVE_DEMO_ATTENTION","Achtung!",
"$UI_SAVE_MENU_LOADED","Vollständig geladen!",
"$UI_SAVE_MENU_CHECK_GOG","Überprüfe GOG auf kostenlose Aktualisierungen!",
"$UI_SAVE_MENU_DOWNLOAD","Hole die herunterladbare Version",
"$UI_SAVE_MENU_FULL_VERSION","Vollversion",
"$UI_SAVE_MENU_KONG_XDEMO_LOGIN","Erweiterte Demo – Logge dich bei Kongregate ein, um Zugriff zur Vollversion zu erlangen!",
"$UI_SAVE_MENU_KONG_XDEMO","Erweiterte Demo",
"$UI_SAVE_MENU_KONG_DEMO_LOGIN_FULL","Demo – Logge dich bei Kongregate ein, um Zugriff zur Vollversion zu erlangen!",
"$UI_SAVE_MENU_KONG_DEMO_LOGIN_XDEMO","Demo – Logge dich bei Kongregate ein, um Zugriff zu weiterem Inhalt zu haben!",
"$UI_SAVE_MENU_KONG_DEMO","Demoversion",
"$UI_SAVE_CONFIRM_DELETE","Löschen bestätigen?",
"$UI_SAVE_CONFIRM_DELETE_TEXT","PERMANENT diesen<N>Spielstand löschen?",
"$SAVE_SLOT_PLAY","Spiel",
"$SAVE_SLOT_PLAY_PLUS","Spiel +",
"$SAVE_SLOT_NEW_GAME","Neues Spiel",
"$SAVE_SLOT_NEW_GAME_NUMS","font:13,x_off:0,y_off:-9",
"$SAVE_SLOT_NEW_GAME_PLUS","Neues Spiel +",
"$SAVE_SLOT_EXPORT","Export",
"$SAVE_SLOT_IMPORT","Import",
"$SAVE_SLOT_DELETE","Löschen",
"$UI_DEMO_SAVES_DETECTED","Demo-Spielstände entdeckt!",
"$UI_DEMO_IMPORT_SAVES","Spielstände aus der Demo importieren?",
"$UI_CLOUD_UNKNOWN","Cloud-Spielstände",
"$UI_CLOUD_UNKNOWN_TEXT","Aktiviere Steam-Cloud-Spielstände?",
"$UI_CLOUD_UNKNOWN_TEXT_2","Du kannst diese Einstellung jederzeit ändern unter:<N><N>Optionen:Sonstiges",
"$UI_MOD_TITLE","Modifikationen",
"$UI_MOD_LOAD_EXISTING","Bestehende Mod laden",
"$UI_MOD_CREATE_NEW","Neue Mod erstellen",
"$UI_MOD_BROWSE_QUEUE","Lokale Schlange durchsuchen ??",
"$UI_MOD_BROWSE_WORKSHOP","Steam-Workshop durchsuchen",
"$UI_MOD_WEB_BROWSER","Webbrowser",
"$UI_MOD_INSTALL_STANDALONE","Von ZIP aus installieren",
"$UI_MOD_INSTALL_ERROR","Der Name für das Modverzeichnis existiert bereits.<N>Versuchen, mit einem Suffix zu installieren?",
"$UI_MOD_INSTALL_ERROR2","Sorry, wir konnten die Mod nicht installieren.",
"$UI_DEFQ_MODS","Mod",
"$UI_MOD_TITLE","Modifikationen",
"$UI_MOD_DATA_ONLY","Nur Daten (1M)",
"$UI_MOD_SPRITES","+4M für Sprites",
"$UI_MOD_MOVIES","+13M Zwischensequenzen",
"$UI_MOD_BKGS","+42M Hintergrund-Zeichnungen",
"$UI_MOD_TEMPLATE_SETTINGS","Mod-Template-Einstellungen",
"$UI_MOD_SELECT_DIR","Mod-Verzeichnis auswählen",
"$UI_SAVE_SELECT_DIR","Speicherverzeichnis auswählen",
"$UI_MOD_LOAD_MOD","Mod laden",
"$UI_MOD_EXISTS","Mod existiert.<N>Laden?",
"$UI_MOD_MISSING","Konnte keine settings.xml finden.<N>Entweder ist dort keine Mod,<N>oder sie ist kaputt.",
"$UI_MOD_NOT_DIR","Hey!<N>Das ist noch nicht einmal ein Verzeichnis!<N>Versuche es erneut.",
"$UI_MOD_LOADING","Lade Mod …",
"$UI_MOD_PLEASE_WAIT","Bitte warte, während<N>wir deine Mod laden",
"$UI_MOD_PROGRESS","Schritt <TASK><N>Datei <FILE><N>",
"$UI_MOD_LOAD_FINISH","Laden erfolgreich",
"$UI_MOD_LOAD_FINISH_TEXT","Mod erfolgreich geladen.<N>Das Spiel wird jetzt neu starten.",
"$UI_MOD_LOAD_FAIL","Laden fehlgeschlagen",
"$UI_MOD_LOAD_FAIL_TEXT","Fehler beim Laden der Mod:",
"$UI_MOD_NAME","Gebe einen Namen für die Mod ein",
"$UI_MOD_EXPORTING","Exportiere Dateien",
"$UI_MOD_EXPORT_FINISH","Export vollständig!",
"$UI_MOD_EXPORT_FINISH_TEXT","Deine Mod befindet sich unter:",
"$UI_MOD_EXPORT_CANCEL","Export abgebrochen!",
"$UI_MOD_EXPORT_CANCEL_TEXT","Dateien befinden sich unter:",
"$UI_MOD_EXPORT_FAIL","Export fehlgeschlagen!",
"$UI_MOD_EXPORT_FAIL_TEXT","Es gab einen Fehler!",
"$UI_MOD_EXPORT_CHURN","Schrit <TASK_PROGRESS><N><N><TASK><N><PROGRESS>",
"$UI_MOD_DEFQ_SAVE","Defender's Quest Spielstände (*.dfq)",
"$UI_MOD_ALL_FILES","Alle Dateien (*.*)",
"$UI_MOD_AUTHOR","Autor",
"$UI_MOD_PLAY","Spielen",
"$UI_MOD_SHARE","Teilen",
"$UI_MOD_UPDATE","Aktualisieren",
"$UI_MOD_EDIT","Ändern",
"$UI_MOD_WORKSHOP","Workshop",
"$UI_MOD_SHARE_TITLE","Mod teilen",
"$UI_MOD_SHARE_TEXT_LOCAL","Dies wird deine Mod in eine einzige Datei für eine einfache Verteilung packen.",
"$UI_MOD_SHARE_TEXT_STEAM","Dies wird deine Mod packen und in den Steam Workshop hochladen.",
"$UI_MOD_UPDATE_TEXT_STEAM","Dies wird deine Mod im Steam Workshop aktualisieren.",
"$UI_MOD_ZIP_PROGRESS","Aufgabe <TASK><N>Datei <FILE><N>",
"$UI_MOD_ZIP_FINISH","Vollständig gepackt",
"$UI_MOD_ZIP_FINISH_TEXT","Mod erfolgreich gezippt.",
"$UI_MOD_ZIP_FAIL","Packen ist fehlgeschlagen.",
"$UI_MOD_ZIP_FAIL_TEXT","Ein Fehler trat während des Zippens der Dateien auf.",
"$UI_MOD_STEAM_UPLOAD","Zu Steam hochladen …",
"$UI_MOD_STEAM_WAIT","Warten auf Antwort von Steam …<N>(Könnte etwas dauen)",
"$UI_MOD_STEAM_SEND","An Steam senden",
"$UI_MOD_SHARED","Geteilt",
"$UI_MOD_SUBSCRIBED","Abonniert",
"$UI_MOD_ZIP_STEAM_FAIL","Upload fehlgeschlagen!",
"$UI_MOD_ZIP_STEAM_FAIL_TEXT","Konnte die Mod nicht zum<N>Steam Workshop hochladen.",
"$UI_MOD_ZIP_STEAM_FINISH","Upload vollständig",
"$UI_MOD_ZIP_STEAM_FINISH_TEXT","Mod vollständig in den<N>Steam Workshop hochgeladen.",
"$UI_MOD_UPDATE_STEAM_FINISH","Vollständig aktualisiert",
"$UI_MOD_UPDATE_STEAM_FINISH_TEXT","Mod erfolgreich im<N>Steam Workshop aktualisiert.",
"$UI_MOD_ZIPPING","Packe Mod-Dateien",
"$UI_MOD_MISSING_SUBSCRIBE","Abonnierte Dateien",
"$UI_MOD_MISSING_SUBSCRIBE_TEXT","Möchtest du die<N><NUM> abonnierten Workshop-Datei(en) herunterladen?",
"$UI_MOD_DOWNLOAD","Lade Mod herunter",
"$UI_MOD_DOWNLOAD_TEXT",
"$UI_MOD_LATER","Später",
"$UI_EQUIP_WHO_WILL","Wer wird ausrüsten:",
"$UI_EQUIP_CANT_SELL_UNIQUE","Kann einzigartige Gegenstände nicht verkaufen!",
"$UI_EQUIP_SELL_OLD_WEAPON_FOR","Verkaufe alte Waffe für <SELL_PRICE> Kram?",
"$UI_EQUIP_SELL_OLD_ARMOR_FOR","Verkaufe alte Rüstung für <SELL_PRICE> Kram?",
"$UI_RECRUIT_CLASS_FULL","KLASSE IST VOLL",
"$UI_RECRUIT_BERSERKER_NUMS","font:14,x_off:0,y_off:0",
"$UI_RECRUIT_RANGER_NUMS","font:12,x_off:0,y_off:2",
"$UI_RECRUIT_KNIGHT_NUMS","font:14,x_off:0,y_off:0",
"$UI_RECRUIT_MAGE_NUMS","font:12,x_off:0,y_off:2",
"$UI_RECRUIT_HEALER_NUMS","font:14,x_off:0,y_off:0",
"$UI_RECRUIT_DRAGON_NUMS","font:14,x_off:0,y_off:0",
"$UI_RECRUIT_CANCEL_NUMS","font:13,off_y:2",
"$UI_BATTLE_MORE","MEHR",
"$UI_BATTLE_SEND_NEXT","Schicke<N>NÄCHSTE",
"$UI_BATTLE_NEXT","NÄCHSTE",
"$UI_BATTLE_WAVES","Wellen",
"$UI_BATTLE_WAVE","Welle",
"$UI_BATTLE_CASH_OUT","Ausbe-<N>zahlen",
"$UI_BATTLE_CASH_OUT_NUMS","y_off:-6,leading:-3",
"$UI_BATTLE_CASH_OUT?","Ausbezahlen?",
"$UI_BATTLE_CASH_OUT_TEXT","Die Schlacht jetzt beenden und alle Belohnungen, die du verdient hast, einsammeln?",
"$UI_BATTLE_WAVE_BUTT_NUMS","font_next:11,font_cash_out:10,font_next_x_off:0,font_next_y_off:-1,font_cash_out_x_off:-1,font_cash_out_y_off:-1",
"$FB_LIKE_US_TEXT","Folge uns auf Facebook und<N>erhalte diesen Preis GRATIS!",
"$FB_LIKE_US_YES","Okay!",
"$FB_LIKE_US_NO","Hahaha. Nein.",
"$FB_THANKS_TEXT","Danke für's Folgen auf Facebook! <N> Du hast den Preis bereits!",
"$FB_THANKS_OK","Okay",
"$FB_THANKS_SUCKS","Facebook stinkt",
"$FB_REBEL_TEXT","Richtig so, gib's ihnen! <N> Nimm stattdessen dies.",
"$FB_SECOND_PITCH","Du kannst dies immer noch kriegen, <N> indem du uns auf Facebook folgst!",
"$FB_SECOND_PITCH_YES","Okay!",
"$FB_SECOND_PITCH_NO","Niemals!",
"$FB_HARD_SELL_TEXT","Bist du dir da sicher?<N> Schau, wie es glänzt!",
"$FB_HARD_SELL_YES","Na gut ... okay.",
"$FB_HARD_SELL_NO","Ich sagte niemals!",
"$FB_PERSISTENT_TEXT","Okay, du gewinnst!<N>Du kannst es trotzdem haben :)",
"$FB_PERSISTENT_OK","Der Sieg ist mein!",
"$FB_THIS_ITEM_WILL_NOW","Dieser Gegenstand wird nun immer in jedem Spieler-Inventar auftauchen.",
"$DEFQ2_CLICK_TEXT","Defender's Quest II kommt!<N>Schau's dir an und hol dir diesen Preis!",
"$DEFQ2_SECOND_PITCH","Du kannst dies noch immer<N>kriegen, wenn du die<N>Defender's Quest II-Seite besuchst!",
"$BOOK_PSI_TAX","PSI-Steuern:",
"$BOOK_COST_MULT","Zauberkosten x",
"$BOOK_COOL_MULT","Zauber Abklingzeit x",
"$STATUS_DESC_FB_HAPPY","+<PERCENT>% Schnelle.",
"$STATUS_DESC_FB_SAD","-<PERCENT>% Schnelle.",
"$STATUS_DESC_FB_BORED","Hält es nicht für nötig, sich zu bewegen.",
"$STATUS_DESC_FB_LOL","+<PERCENT>% Schnelle.",
"$STATUS_DESC_FB_OMG","+<PERCENT>% Schnelle, -<PERCENT>% Schadenabwehr.",
"$STATUS_DESC_EXISTENTIAL","-<PERCENT>% Schnelle, +<PERCENT>% Schadenabwehr.",
"$STATUS_DESC_TROLL","Weicht Attacken zu <PERCENT> % aus.",
"$STATUS_DESC_ANONYMOUS","+<PERCENT>% Chance, auszuweichen. Trifft TROLLE stets mit <PERCENT>% Extraschaden.",
"$STATUS_DESC_DARK","Weicht allen Angriffen ohne Umgebungseffekt zu <PERCENT>% aus.",
"$STATUS_DESC_LIGHT","Entfernt Finsternis.",
"$STATUS_DESC_FRENZY","Um Faktor <M_MULT_PERCENT>% beschleunigen.",
"$STATUS_DESC_BLINDED","Angriffe verfehlen zu <PERCENT>%.",
"$STATUS_DESC_BLEED","Erleidet +<PERCENT>% Schaden.",
"$STATUS_DESC_EVER_POISON","<INTI> Schaden/s.",
"$STATUS_DESC_DISEASE","Regeneration um <PERCENT>% reduziert.",
"$STATUS_DESC_POISON","<INTI> Schaden/s für <TIME> s.",
"$STATUS_DESC_TOXIC","<INTI> Schaden/s für <TIME> s, explodiert bei Tod, fügt Schaden über <PERCENT2>% der Verteidiger-TP zu.",
"$STATUS_DESC_EVER_TOXIC","<INTI> Schaden/s, explodiert bei Tod, fügt Schaden über <PERCENT2>% der Verteidiger-TP zu.",
"$STATUS_DESC_SINGLE_STUN","Kann sich nicht bewegen. Dies kann nur ein Mal gewirkt werden.",
"$STATUS_DESC_STUN","Kann sich nicht bewegen.",
"$STATUS_DESC_BURN","<AMT_1DIG> Schaden/s<N> Durch Eis aufgehoben.",
"$STATUS_DESC_INSPIRED","Attacken fügen +<M_MULT_PERCENT>% Schaden zu.",
"$STATUS_DESC_FREEZE","Kann sich nicht bewegen.<N> Durch Feuer aufgehoben.",
"$STATUS_DESC_CHILL","-<PERCENT>% Schnelle.<N> Durch Feuer aufgehoben.",
"$STATUS_DESC_SLOW","-<PERCENT>% Schnelle.",
"$STATUS_TIME_LEFT","<TIME_LEFT>/<TIME> Sekunden übrig.",
"$STATUS_TIME_FOREVER","Hält für immer vor.",
"$FLAV_DESC_LIGHT","FINSTERE Feinde erleiden +<AMT_2DIG>x<EXTRA> Schaden & sind für <TIME> s leichter zu treffen.",
"$FLAV_DESC_LIGHT_SHORT","FINSTERE Feinde erleiden zusätzlichen Schaden & sind leichter zu treffen.",
"$FLAV_DESC_BLINDED","Feindliche Angriffe verfehlen zu <PERCENT>% <EXTRA> für <TIME> s.",
"$FLAV_DESC_BLINDED_SHORT","Feindliche Angriffe sind für ein paar Sekunden ungenauer.",
"$FLAV_DESC_CONFUSED","Feinde laufen für <TIME><EXTRA_TIME> s rückwärts.",
"$FLAV_DESC_CONFUSED_SHORT","Feinde laufen für ein paar Momente rückwärts.",
"$FLAV_DESC_BLEED","Feind erleidet <PERCENT>%<EXTRA> mehr Schaden durch künftige Treffer für <TIME><EXTRA_TIME> s.",
"$FLAV_DESC_BLEED_SHORT","Feind erleidet zeitweise mehr Schaden durch künftige Treffer.",
"$FLAV_DESC_KNOCK_BACK","Feind wird <AMT_1DIG><EXTRA> Felder zurück geworfen.",
"$FLAV_DESC_KNOCK_BACK_SHORT","Feind wird einige Felder zurück geworfen.",
"$FLAV_DESC_DISEASE","Regeneration des Feinds ist um <PERCENT>%<EXTRA> reduziert.",
"$FLAV_DESC_DISEASE_SHORT","Regeneration des Feinds ist reduziert.",
"$FLAV_DESC_POISON","Feind erleidet <PERCENT>%<EXTRA> des Angriffsschadens für <TIME><EXTRA_TIME> s.",
"$FLAV_DESC_POISON_DIRECT","Feind erleidet <AMTDMG>%<EXTRA> des Angriffsschadens für <TIME><EXTRA_TIME> s.",
"$FLAV_DESC_POISON_SHORT","Feind erleidet für eine kurze Zeit Schaden.",
"$FLAV_DESC_SINGLE_STUN","Feind kann sich für <TIME><EXTRA_TIME> s nicht bewegen. Kann nur ein Mal gewirkt werden.",
"$FLAV_DESC_SINGLE_STUN_SHORT","Feind kann sich für einige Sekunden nicht bewegen. Kann nur ein Mal gewirkt werden.",
"$FLAV_DESC_STUN","Feind kann sich für <TIME><EXTRA_TIME> s nicht bewegen.",
"$FLAV_DESC_STUN_SHORT","Feind kann sich zeitweise nicht bewegen.",
"$FLAV_DESC_AUTO_KILL","Feinde mit weniger als <PERCENT>%<EXTRA> TP sterben automatisch.",
"$FLAV_DESC_AUTO_KILL_SHORT","Feinde, die schwach genug sind, sterben automatisch.",
"$FLAV_DESC_BURN","Feind erleidet <AMTDMG><EXTRA> Schaden/s für <TIME><EXTRA_TIME> s. Durch Eis aufgehoben.",
"$FLAV_DESC_BURN_SHORT","Feind erleidet für eine kurze Zeit Schaden. Durch Eis aufgehoben.",
"$FLAV_DESC_INSPIRE","Freunde fügen <M_MULT_PERCENT>%<EXTRA> mehr Schaden für <TIME><EXTRA_TIME> s zu.",
"$FLAV_DESC_INSPIRE_SHORT","Feinde fügen für eine kurze Zeit mehr Schaden zu.",
"$FLAV_DESC_FREEZE","Feind kann sich für <TIME><EXTRA_TIME> s nicht bewegen. Durch Brennen aufgehoben.",
"$FLAV_DESC_FREEZE_SHORT","Feind kann sich zeitweise nicht bewegen. Durch Brennen aufgehoben.",
"$FLAV_DESC_ARMOR_PIERCE_DIRECT","Angriff ignoriert <AMTDMG><EXTRA> Rüstungspunkte.",
"$FLAV_DESC_ARMOR_PIERCE_AMT_LESS_1","Ignoriert 1 Rüstungspunkt für jeden <INV_AMOUNT><EXTRA>. Punkt bei „Angriff“.",
"$FLAV_DESC_ARMOR_PIERCE_AMT_GRTR_1","Ignoriert <AMT_1DIG><EXTRA> Rüstungspunkte für jeden Punkt bei „Angriff“.",
"$FLAV_DESC_ARMOR_PIERCE_SHORT","Angriff ignoriert einige Rüstungspunkte.",
"$FLAV_DESC_ARMOR_BREAK_DIRECT","Angriff zerstört <AMTDMG><EXTRA> Rüstungspunkte.",
"$FLAV_DESC_ARMOR_BREAK_AMT_LESS_1","Zerstört 1 Rüstungspunkt für jeden <INV_AMOUNT><EXTRA>. Punkt bei „Angriff“.",
"$FLAV_DESC_ARMOR_BREAK_AMT_GRTR_1","Zerstört <AMT_2DIG><EXTRA> Rüstungspunkte für jeden Punkt bei „Angriff“",
"$FLAV_DESC_ARMOR_BREAK_SHORT","Angriff ignoriert mehrere Rüstungspunkte.",
"$FLAV_DESC_CHILL","Feind ist um <PERCENT>%<EXTRA> für <TIME><EXTRA_TIME> s verlangsamt. Durch Brennen aufgehoben.",
"$FLAV_DESC_CHILL_SHORT","Feind ist für einige Sekunden verlangsamt. Durch Brennen aufgehoben.",
"$FLAV_DESC_SLOW","Feind ist um <PERCENT>%<EXTRA> für <TIME><EXTRA_TIME> s verlangsamt.",
"$FLAV_DESC_SLOW_SHORT","Feind ist permanent verlangsamt.",
"$FLAV_DESC_STRIKE_THROUGH","Angriff kann bis zu <INTI><EXTRA> zusätzliche Feinde treffen.",
"$FLAV_DESC_STRIKE_THROUGH_SHORT","Angriff kann mehrere Feinde treffen.",
"$FLAV_DESC_CRITICAL","Schaden = <AMT_1DIG>x<EXTRA> normal.",
"$FLAV_DESC_CRITICAL_SHORT","Schaden ist größer als normal.",
"$STAT_DESC_HP","TREFFERPUNKTE<N> Wenn sie 0 erreichen, wirst du aus dem Kampf geworfen.",
"$STAT_DESC_SPEED","SCHNELLE<N> Abklingzeit für Attacken: <N> Alle <SPEED_SHOW_MULT> Punkte wird die Abkling-Geschwindigkeit 1x erhöht.",
"$STAT_DESC_SPEED_ENEMY","SCHNELLE<N> Wie schnell ein Feind sich bewegt und angreift. 1 Punkt = 1 Feld pro Sekunde.",
"$STAT_DESC_ATTACK","ANGRIFF<N> Techniken fügen mehr Schaden zu.",
"$STAT_DESC_ATTACK_ENEMY","ANGRIFF<N> Max. durch Angriffe zugefügter Schaden.",
"$STAT_DESC_DEFENSE","VERTEIDIGUNG<N> Absorbierter Schaden.",
"$STAT_DESC_DEFENSE_ENEMY","RÜSTUNG<N> Absorbierter Schaden.",
"$STAT_DESC_STRONGS","STÄRKEN",
"$STAT_DESC_WEAKS","SCHWÄCHEN",
"$STAT_DESC_REGEN","REGENERATION<N> Wie schnell du deine TP pro s wiederherstellst.",
"$STAT_DESC_REGEN_ENEMY","REGENERATION<N> Wie schnell TP pro s wiederhergestellt werden.",
"$STAT_DESC_EVADE","AUSWEICHEN<N> Wahrscheinlichkeit, gegnerischen Angriffen auszuweichen.",
"$STAT_DESC_EVADE_ENEMY","AUSWEICHEN<N> Wahrscheinlichkeit, Angriffen auszuweichen.",
"$STAT_DESC_RANGE","REICHWEITE<N> Größe des Angriffsradius.",
"$STAT_DESC_RANGE_ENEMY","<RE>$STAT_DESC_RANGE",
"$STAT_DESC_SPELLS","ZAUBERSPRÜCHE",
"$STAT_DESC_PORCUPINE","DORNEN<N> Fügt Nahkämpfern so viel Schaden zu.",
"$STAT_DESC_PHASING","INSTABILITÄT<N> De- und restabilisiert regelmäßig, kann nicht angepeilt und auch nicht getroffen werden, wenn destabilisiert.",
"$STAT_DESC_BARRIER","BARRIERE<N> Ebenen aus Schutz vor Schaden. Nur extrem mächtige Magie kann dies mindern.",
"$STAT_DESC_FINAL_HIT","FINALER SCHADEN<N> Wie viel Schaden <FINAL_HIT_TARGET> erhält, wenn Feinde das Ende erreichen.",
"$STRONG_DMG_MULT","<PERCENT>% Widerstand vs. <FLAVOR>",
"$STRONG_EVADE","<PERCENT>%, um <FLAVOR> auszuweichen",
"$SKILL_DESC_PSI_COST","Psi-Kosten",
"$SKILL_DESC_COOLDOWN","abklingen",
"$SKILL_DESC_EFFECT","Effekt",
"$SKILL_DESC_TARGET","Ziel",
"$SKILL_DESC_HITS","Treffer",
"$SKILL_DESC_HITS_NUM","# Treffer",
"$SKILL_DESC_SPECIAL",
"$SKILL_DESC_SPLASH","Umgebung",
"$SKILL_DESC_DMG","Schaden",
"$SKILL_DESC_ADDS_CHANCE_TO_ALL","Fügt <PERCENT>%<EXTRA> Wahrscheinlichkeit für<FLAV>* allen Angriffen hinzu.",
"$SKILL_DESC_ADDS_CHANCE_TO_ONE","Fügt <PERCENT>%<EXTRA> Wahrscheinlichkeit für <FLAV>* <LQ><ATTACK><RQ> hinzu.",
"$SKILL_DESC_ADDS_TO_ALL","Fügt <FLAV>* allen Angriffen hinzu.",
"$SKILL_DESC_ADDS_TO_ONE","Fügt <FLAV>* <LQ><ATTACK><RQ> hinzu.",
"$SKILL_DESC_TOTAL_BONUS","Gesamtbonus für <STAT>*<N> wird zu +<AMOUNT><EXTRA>.",
"$SKILL_SPECIAL_HEAL","<RE>$MISC_HEAL",
"$SKILL_SPECIAL_COUNTER","<RE>$MISC_COUNTER",
"$SKILL_SPECIAL_ATTACK","<RE>$MISC_ATTACK",
"$MISC_FOE_SINGULAR","Feind",
"$MISC_FOE_PLURAL","Feinde",
"$MISC_FRIEND_SINGULAR","Freund",
"$MISC_FRIEND_PLURAL","Freunde",
"$MISC_1_FOE","1 Feind",
"$MISC_X_FOES","<NUM> Feinde",
"$MISC_1_FRIEND","1 Freund",
"$MISC_X_FRIENDS","<NUM> Freunde",
"$MISC_ALL_FOES","Alle Feinde in Reichweite",
"$MISC_ALL_FOES_IN","Alle Feinde innerhalb von <TILES> Feldern.",
"$MISC_ALL_FRIENDS","Alle Freunde in Reichweite",
"$MISC_ALL_FRIENDS_IN","Alle Freunde innerhalb von <TILES> Feldern.",
"$MISC_ALL_TARGETS","Ziele in Reichweite",
"$MISC_ALL_TARGETS_IN","Ziele innerhalb von <TILES> Feldern.",
"$MISC_X_HITS_FOE","<NUM> pro Feind",
"$MISC_X_HITS_FRIEND","<NUM> pro Freund",
"$MISC_X_HITS_TARGET","<NUM> pro Ziel",
"$MISC_X_HITS_TOTAL","<NUM> total",
"$MISC_UP_TO_X_FRIENDS","Bis zu <NUM> <FRIEND>",
"$MISC_UP_TO_X_FOES","Bis zu <NUM> <FOE>",
"$MISC_SPLASH_DAMAGE","Umgebungseffekt",
"$MISC_SPLASH_LINE","<AMT> Schaden, <TILES> Felder",
"$MISC_SAVED!","Gerettet!",
"$MISC_MISS","Verfehlt",
"$MISC_PROBLEM?","Problem?",
"$MISC_COUNTER","Konter",
"$MISC_COUNTER!","KONTER!",
"$MISC_NOM!","HAPPS!",
"$MISC_ACHIEVEMENT!","Errungenschaft!",
"$BASE_ATTACK","Grundangriff",
"$BONUS_DEFENSE","Bonus-Verteidigung",
"$DECIMATE_BY","Dezimiere um <PERCENT>%",
"$EN_SPELL_FRENZY_DESC","+<PERCENT> Schnelle für <SEC> s",
"$EN_SPELL_HEAL_DESC","Heile: <PERCENT> TP",
"$EN_SPELL_DRAGON_FIRE_1_DESC","<DMG> Schaden",
"$EN_SPELL_DRAGON_FIRE_2_DESC","<LOW>-<HIGH> Schaden",
"$SPECIAL_IMPROVES","Verbessert <FLAVOR>:",
"$SPECIAL_PLUS_FLAV","Fügt <FLAVOR> hinzu:",
"$SPECIAL_SAVE_VS","Schutz vor <FLAVOR>, wenn TP >= <PERCENT>%",
"$TARGET_FIRST_TITLE","Auf ERSTEN zielen",
"$TARGET_FIRST_TEXT","Ziele auf den dem Ende nächsten Feind.",
"$TARGET_LAST_TITLE","Auf LETZTEN zielen",
"$TARGET_LAST_TEXT","Ziele auf den dem Ende am weitesten entfernten Feind.",
"$TARGET_STRONG_TITLE","Auf STÄRKSTEN zielen",
"$TARGET_STRONG_TEXT","Ziele auf den Feind, der am meisten TP und Rüstung hat.",
"$TARGET_WEAK_TITLE","Auf SCHWÄCHSTEN zielen",
"$TARGET_WEAK_TEXT","Ziele auf den Gegner, der am wenigsten TP und Rüstung hat.",
"$TARGET_FAST_TITLE","Auf SCHNELLSTEN zielen",
"$TARGET_FAST_TEXT","Ziele auf den schnellsten Gegner.",
"$TARGET_HEAL_TITLE","HEILEN bevorzugen",
"$TARGET_HEAL_TEXT","Heile wann immer möglich, selbst wenn eine bessere Angriffstechnik bereit ist.",
"$TARGET_FIGHT_TITLE","KÄMPFEN bevorzugen",
"$TARGET_FIGHT_TEXT","Greife wann immer möglich an, selbst wenn eine bessere Heiltechnik bereit ist.",
"$TARGET_BOTH_TITLE","Normale Priorität",
"$TARGET_BOTH_TEXT","Benutze Techniken passend zum Stärkungs-Level.",
"$TARGET_CHEAP_TITLE","GÜNSTIGSTE Technik",
"$TARGET_CHEAP_TEXT","Spare hochwertige Techniken für Ziele ein, die nicht durch schwächere getötet werden können.",
"$TARGET_EFFECT_TITLE","EFFEKTE optimieren",
"$TARGET_EFFECT_TEXT","Benutze Statuseffekte gegen die am wenigsten beeinträchtigten Gegner. Vermeide Ziele, die nicht beeinträchtigt werden.",
"$TARGET_BULLDOG_TITLE","BULLDOGGEN-Modus",
"$TARGET_BULLDOG_TEXT","Niemals das Ziel ändern, bis der Gegner die Reichweite verlässt oder stirbt. <N><N> Ziemlich knifflig, nur erfahrenen Spielern empfohlen!",
"$TARGET_CHANCE_TITLE","Größte CHANCE",
"$TARGET_CHANCE_TEXT","Ziele auf den Gegner, für den ein Ausweichen oder Widerstehen des Angriffs am unwahrscheinlichsten ist.",
"$TARGET_BOSS_TITLE","Auf BOSS zielen",
"$TARGET_BOSS_TEXT","Wenn nicht aktiviert, ignoriere Bossgegner.",
"$TARGET_SAVE_TITLE","Einstellungen SPEICHERN",
"$TARGET_SAVE_TEXT","Setzt die aktuellen Zieleinstellungen als Standard für diesen Charakter.",
"$CONFIRM_RES_CHANGE","Auflösung geändert.<N> Gefällt sie dir?<N><N> RÜCKGÄNGIG IN <SECONDS> SEKUNDEN.",
"$CONFIRM_RESTART_TITLE","Schlacht neu starten?",
"$CONFIRM_RESTART_TEXT","Du wirst alles bis hier hin an Erfahrungspunkten und Geld verlieren.",
"$CONFIRM_QUIT_TITLE","Die Schlacht verlassen?",
"$CONFIRM_QUIT_TEXT","<RE>$CONFIRM_RESTART_TEXT",
"$MISC_LEADER","Anführer",
"$MISC_LEVEL","Level",
"$MISC_LVLUP","LVLUP",
"$MISC_LEVEL_UPX","LEVEL Upx",
"$MISC_LEVEL_UP!","LEVEL UP!",
"$MISC_ANONYMOUS","Anonym",
"$MISC_LEVEL_SHORT","LVL",
"$PARTY_HP","TP",
"$PARTY_PSI","Psi",
"$PARTY_XP","EP",
"$PARTY_ATTACK","Angriff:<T>",
"$PARTY_RANGE","Rechweite:<T>",
"$PARTY_SPEED","Schnelle:<T>",
"$PARTY_DEFEND","Verteidigen:<T>",
"$PARTY_EVADE","Ausweichen:<T>",
"$PARTY_REGEN","Regeneration:<T>",
"$MISC_HP","Trefferpunkte",
"$MISC_HP_SHORT","TP",
"$MISC_PSI","Psi",
"$MISC_SPEED","Schnelle",
"$MISC_SPEED_SHORT","SCH",
"$MISC_ATTACK","Angriff",
"$MISC_ATTACK_SHORT","ANG",
"$MISC_ARMOR","Rüstung",
"$MISC_ARMOR_SHORT","RÜS",
"$MISC_EVADE","Ausweichen",
"$MISC_EVADE_SHORT","AUS",
"$MISC_EVASION","Ausweichen",
"$MISC_DEFEND","verteidigen",
"$MISC_DEFENSE","Verteidigung",
"$MISC_DEFENSE_SHORT","VER",
"$MISC_RANGE","Reichweite",
"$MISC_RANGE_SHORT","REW",
"$MISC_REGEN_LONG","Regeneration",
"$MISC_REGEN","Regenerat.",
"$MISC_REGEN_SHORT","REG",
"$MISC_OF_DAMAGE","des Schadens",
"$MISC_DAMAGE","Schaden",
"$MISC_DAMAGE_SHORT","SCH",
"$MISC_DAMAGE_RESIST","Widerstand",
"$MISC_RESIST","<SOMETHING> widerstehen",
"$MISC_VS","vs",
"$MISC_TO","zu",
"$MISC_VERSUS","gegen",
"$MISC_DEF_SHORT","VER",
"$MISC_PHASES","instabil",
"$MISC_SWIMS","schwimmt",
"$MISC_WALKS_ON","läuft über",
"$MISC_HEAL","heilen",
"$MISC_DEATH_SPLASH","Todesschwall",
"$MISC_PORCUPINE","Dornen",
"$MISC_DARK","finster",
"$MISC_DARK_DESC","(weicht 75% der Angriffe aus)",
"$MISC_SPAWNS","brütet",
"$MISC_STRENGTHS","Stärken",
"$MISC_WEAKNESSES","Schwächen",
"$MISC_IMMUNE_TO","<SOMETHING> gegenüber immun",
"$MISC_AMOUNT","Anzahl",
"$MISC_AMOUNT_SHORT","anz",
"$MISC_SECOND","Sekunde",
"$MISC_SECONDS","Sekunden",
"$MISC_SECOND_SHORT","Sek.",
"$MISC_SECONDS_SHORT","Sek.",
"$MISC_CHANCE","Wahrscheinlichkeit",
"$MISC_THRESHOLD","Grenzwert",
"$MISC_BASE_ATTACK","Grundangriff",
"$MISC_BONUS_DEFENSE","Grundverteidigung",
"$MISC_SAVED","gespeichert",
"$MISC_UNSAVED","ungespeichert",
"$MISC_EXIT","Raus",
"$MISC_QUIT","beenden",
"$MISC_CLOSE","schließen",
"$MISC_TRY_AGAIN","Erneut versuchen",
"$MISC_RANDOM","zufällig",
"$MISC_HIRE","ANHE-<N>UERN!",
"$HIRE_NUMS","font:18,x_off:4,y_off:-6",
"$MISC_CANT_AFFORD","Zu<N>teuer",
"$CANT_AFFORD_NUMS","font:16,x_off:1,y_off:-4",
"$MISC_CONFIRM_RECRUIT","Bestätige Rekrutierung",
"$MISC_CONFIRM_CHANGE","Bestätige Änderung",
"$MISC_MAKE_CHANGE","Diese Änderungen durchführen?",
"$MISC_HIRE_Q","Heuere <NAME> aus der Klasse <CLASS> für <SCRAP> Kram an?",
"$MISC_MODS","Mods",
"$MISC_CONFIG_DIR","Konfig-Ordner",
"$MISC_LANGUAGES","Sprachen",
"$MISC_PLEASE_ENTER_A_NAME!","<N>Bitte gebe einen Namen ein!",
"$MISC_ARE_YOU_SURE","Bist du sicher?",
"$MISC_NEXT","nächster",
"$MISC_PREVIOUS","letzter",
"$MISC_PREV","letzt.",
"$MISC_CANCEL","abbrechen",
"$MISC_UNDO_ALL","Alles rückgängig",
"$MISC_UNDO","Rückgängig",
"$MISC_UNDO_NUMS","y_off:-6,leading:-4",
"$MISC_DOWNLOAD","Download",
"$MISC_BEGIN","Starten",
"$MISC_LEAVE","verlassen",
"$MISC_WEAPONS","Waffen",
"$MISC_ARMOR","Rüstung",
"$MISC_RECRUIT","Rekrutieren",
"$MISC_TALK","Sprechen",
"$MISC_QUIT","beenden",
"$MISC_ENTER","betreten",
"$MISC_YES","ja",
"$MISC_NO","nein",
"$MISC_OK","ok",
"$MISC_ACCEPT","OK",
"$MISC_BACK","zurück",
"$MISC_REFUSE","ablehnen",
"$MISC_RESTART","neu starten",
"$MISC_OKAY","okay",
"$MISC_QUIT_BATTLE","Schlacht beenden",
"$MISC_NONE","kein",
"$MISC_SLOW","langsam",
"$MISC_FAST","schnell",
"$MISC_XP","EP",
"$MISC_EXPERIENCE","Erfahrung",
"$MISC_SCRAP","Kram",
"$MISC_COST","Kosten",
"$MISC_GAIN","Zuwachs",
"$MISC_CASUAL","locker",
"$MISC_CASUAL_SHORT","Locker",
"$MISC_EASY","einfach",
"$MISC_EASY_SHORT","Einfach",
"$MISC_NORMAL","normal",
"$MISC_NORMAL_SHORT","Normal",
"$MISC_ADVANCED","fortgeschritten",
"$MISC_ADVANCED_SHORT","Schwer",
"$MISC_EXTREME","extrem",
"$MISC_EXTREME_SHORT","Extr.",
"$MISC_SELECT_CHALLENGE","Wähle Herausforderung:",
"$MISC_REWARD","Belohnung:",
"$MISC_PERFECT_BONUS","Perfekt-Bonus:",
"$MISC_WAVES","Wellen",
"$MISC_ENEMY_LEVELS","Feind-Level:",
"$MISC_TYPES","Typen",
"$MISC_PASS","überstanden",
"$MISC_PERFECT","perfekt",
"$MISC_PERFECT!","perfekt!",
"$MISC_COMPLETE","abgeschlossen",
"$MISC_COMPLETE!","Vollst-<N>ändig!",
"$MISC_STRANGER","Fremder",
"$MISC_DESCRIPTION","Beschreibung",
"$MISC_DEFENDER","Verteidiger",
"$MISC_DEFENDERS","Verteidiger",
"$MISC_STATS","Statistiken",
"$MISC_STATUS","Status",
"$MISC_NO_AFFORD","ZU TEUER",
"$MISC_BUY","kaufen",
"$MISC_UPGRADE","verbessern",
"$MISC_SELL","verkaufen",
"$MISC_NOTHING","nichts",
"$MISC_NOTHING!","nichts!",
"$MISC_SPECIAL","spezial",
"$MISC_UNKNOWN","unbekannt",
"$MISC_MORE","Mehr …",
"$MISC_X_MORE","<X> mehr …",
"$MISC_EQUIP","ausrüsten",
"$MISC_CANT_EQUIP!","Kann nicht ausrüsten",
"$MISC_CANT_EQUIP_NUMS","font:12,x_off:0,y_off:-4",
"$MISC_UNEQUIP","Ablegen",
"$MISC_SKILLS","Talente",
"$MISC_SKILL","Talent",
"$MISC_SKILLTREE_SKILL_NUMS","font:13,x_off:-2,y_off:0",
"$MISC_BOOST","Verstärken",
"$MISC_SPELL","Zauber",
"$MISC_LOCKED","Versch-<N>lossen",
"$MISC_SKIP","über-<N>springen",
"$UI_CUTSCENE_SKIP_NUMS","font:15,y_off:-3,leading:-4",
"$MISC_NOTHING_TO_EQUIP","Nichts auszurüsten!",
"$MISC_ENABLED","aktiviert",
"$MISC_DISABLED","deaktiviert",
"$MISC_CONFIRM","bestätigen",
"$MISC_YOU_SURE","Bist du sicher?",
"$MISC_LOADING","Laden …",
"$MISC_ENTER_TEXT","Text eingeben:",
"$MISC_LOADING_PERCENT","Laden … <PERCENT>%",
"$MISC_BATTLE","Kampf",
"$MISC_TOWN","Stadt",
"$MISC_JOURNAL","Tagebuch",
"$MISC_MOVIES","Szenen",
"$MISC_OPTIONS","Optionen",
"$MISC_CREDITS","Abspann",
"$MISC_PARTY","Gruppe",
"$MISC_ERROR","Fehler",
"$MISC_ERROR!","Fehler!",
"$MISC_BONUS","Bonus",
"$MISC_TIPS","Tipps",
"$MISC_CONTINUE","Fortfahren",
"$MISC_PLEASE_WAIT","Bitte warten …",
"$MISC_CLICK_HERE","Hier klicken",
"$MISC_ASSIGN_POINTS","Punkte<N>zuweisen ???",
"$MISC_NOBODY","Niemand",
"$MISC_EMPTY","Leer",
"$MISC_CHANGE","Wechseln",
"$MISC_RESET","Zurücksetzen",
"$MISC_DEFAULT","Standard",
"$MISC_SELECT","Auswählen",
"$MISC_DESELECT_SPELL","Klicke außerhalb des Schlachtfelds, um den Zauber abzuwählen.",
"$OVERWORLD_BTN_FONT_NUMS","options:14",
"$UI_TOWN_RECRUIT_NUMS","font:11,y_off:4",
"$UI_TOWN_LEAVE_NUMS","font:11,y_off:4",
"$UI_SHOP_EQUIP_NUMS","font:12,y_off:4",
"$UI_SHOP_SWORD_NUMS","font:13,y_off:-2",
"$UI_SHOP_BUY_TAB_NUMS","font:16",
"$UI_SHOP_SELL_TAB_NUMS","font:13,y_off:2",
"$UI_SHOP_BUY_NOW_NUMS","font:13",
"$UI_SHOP_SELL_NOW_NUMS","font:12",
"$UI_MOVIE_NUMS","font:11,tabs:4",
"$DATA_DUMP_LOCALES","Exportiere Sprachdateien ...",
"$DATA_DUMP_DATA","Exportiere Datendateien ...",
"$DATA_DUMP_CUTSCENE","Exportiere Zwischensequenz-Bilder ...",
"$DATA_DUMP_BKG","Exportiere Hintergrundbilder ...",
"$DATA_DUMP_EMBED","Exportiere eingebundene Grafiken",
"$DATA_DUMP_IMAGES","Exportiere Datenbilder …",
"$DATA_DUMP_TABLES","Exportiere Datentabellen …",
"$DATA_DUMP_MOD_INFO","Exportiere Mod-Info …",
"$DATA_DUMP_MAP_FILES","Exportiere Karten-Dateien …",
"$DATA_DUMP_MAP_IMAGES","Exportiere Karten-Bilder …",
"$DATA_DUMP_AUDIO","Exportiere Audio …",
"$REWARD_NEXT_LEVEL","Schaltet nächstes Level frei",
"$REWARD_FINISH","Beendet das Spiel",
"$REWARD_QUEST","Quest abgeschlossen",
"$REWARD_NO_XP","Nichts!",
"$REWARD_NO_GOLD","Nichts!",
"$REWARD_XP","+ <XP> EP",
"$REWARD_GOLD","+ <GOLD> KRAM",
"$HERO_BLURB_SLAK","Ein seltsamer junger Mann, sowohl tapfer als auch labil...",
"$HERO_BLURB_KETTA","Eine Nomaden-Jägerin, zynisch und lebensüberdrüssig...",
"$HERO_BLURB_BAKAL","Ein leise sprechender alter Mönch, nach Vergebung für seine Sünden suchend...",
"$HERO_BLURB_WRENNA","Die letzte Prinzession Quaids, voller Rache für ihr gefallenes Königreich...",
"$HERO_BLURB_MARKOS","Ein stolzer junger Ritter, bemüht, sich selbst zu beweisen...",
"$HERO_BLURB_NIRU","Gewalttätig und mysteriös. Dieser Drache teilt keine Geheimnisse...",
"$TALK_ASH","ASH-FLÜCHTLING",
"$TALK_QUAID","QUAID-FLÜCHTLING",
"$TALK_NOMAD","NOMADEN-FLÜCHTLING",
"$TALK_CULTIST","KULTISTEN-PRIESTER",
"$MAP_TEXT_LAIR","Bau",
"$MAP_TEXT_SHRINE","Schrein",
"$MAP_TEXT_HERMIT","Eremit",
"$MAP_TEXT_PRISON","Gefängnis",
"$MAP_TEXT_UNKNOWN","???",
"$MAP_TEXT_TREASURE","Höhle",
"$MCGUFFIN_LEARN_SPELL","<MCG> hat einen neuen Zauber gelernt!",
"$YOU_GOT_JOIN","<NAME> der Klasse <CLASS><N>ist der Gruppe beigetreten!",
"$YOU_GOT","Du erhältst",
"$YOU_GOT_SCRAP","<SCRAP> Kram!",
"$YOU_GOT_X","<NUM>x <THING>!",
"$YOU_GOT_NO_EQUIP_YET","Niemand in deiner Gruppe kann momentan <THING> ausrüsten.<N>Keine Sorge, spiel einfach weiter und neue Charaktere tauchen auf, die es können.",
"$YOU_GOT_NO_EQUIP","Dieser Gegenstand kann nicht ausgerüstet werden.",
"$TOOLTIP_CASUAL","Im lockeren Modus haben Gegner weniger Trefferpunkte und Angriffsschaden.",
"$TOOLTIP_NORMAL","Normale Herausforderung.<N><N> Die meisten Spieler sollten hier anfangen.",
"$TOOLTIP_ADVANCED","Schwere Herausforderung, mit besseren Belohnungen.<N><N> Komm zurück, wenn du stark genug bist.",
"$TOOLTIP_EXTREME","Extreme Herausforderung, mit den besten Belohnungen <N><N> Sei vorbereitet!",
"$TIP_NUMS","font:13",
"$TIP_00_TITLE","Kommst du nicht weiter?",
"$TIP_00_TEXT","<N><N>Manchmal ist es hilfreich, zurück zu gehen und eine frühere Schlacht zu spielen, um im Level aufzusteigen, mehr Gold zu kriegen und bessere Ausrüstung zu kaufen. Du kannst auch die „lockere“ Schwierigkeitsstufe für eine leichtere Herausforderung ausprobieren.",
"$TIP_10_TITLE","Hotkeys",
"$TIP_10_TEXT","Du kannst das Spiel mit der Tastatur kontrollieren!<N><N>- Zauber auswählen<N>- Zu beschwörende Charaktere auswählen<N>- Verteidiger stärken/zurückrufen<N>- Das Spiel (de)pausieren<N>- Durch beschworene Verteidiger wechseln<N>- Ziel/Geschwindigkeitsoptionen ändern<N>- Per Tab durch jedes Menü navigieren<N>- Mit der Tastatur die Maus bewegen/klicken<N><N>(Passe die Tasten im Optionsmenü an)",
"$TIP_20_TITLE","Talente",
"$TIP_20_TEXT","Jeder Verteidiger erhält mit jedem erlangten Level 1 Talentpunkt.<N><N>Weise diese Punkte im Gruppen-Menü zu, um neue Fähigkeiten im Kampf freizuschalten.<N><N>1) TECHNIKEN (rund) – Attacken, die im Kampf eingesetzt werden<N>2) MERKMALE (quadratisch) – passive, „immer-aktive“ Fähigkeiten.<N><N>Fortgeschrittenere Fähigkeiten benötigen eine Verstärkung im Kampf.",
"$TIP_30_TITLE","Wer erhält Erfahrung?",
"$TIP_30_TEXT","<N><N>Nach einem Kampf kriegen alle dieselbe Menge Erfahrung, die am Ende lebendig und beschworen waren.<N><N>Alle anderen erhalten die Hälfte an Erfahrung. EP pro Charakter ist gleich, unabhängig von der Anzahl an Charakteren.<N><N>Diesen Malus kannst du im Schwierigkeits-Menü ändern.",
"$TIP_40_TITLE","Oberwelt",
"$TIP_40_TEXT","Du kannst Klicken und Ziehen, um die Weltkarte zu verschieben, oder mit der Tastatur navigieren.<N><N>Standardmäßig werden die Pfeiltasten zum Scrollen genutzt.",
"$TIP_50_TITLE","Für 100% Psi rückrufen",
"$TIP_50_TEXT","Verteidiger zurückzurufen bringt normalerweise nur einen Teil des ausgegebenen Psis.<N><N>Rufst du sie aber vor der ersten Gegnerwelle zurück, bekommst du das Psi vollständig zurück.",
"$TIP_60_TITLE","Webseite und Forum",
"$TIP_60_TEXT","Wenn du eine Frage hast, werde Teil der Defender's-Quest-Community auf www.defendersquest.com!<N><N>Wir haben ein Forum, in dem du Fragen stellen kannst, ein gemeinschaftliches Wiki und ein Entwicklerblog.",
"$TIP_70_TITLE","Verteidiger platzieren",
"$TIP_70_TEXT","Du kannst die Tastatur benutzen, um Verteidiger im Kampf zu platzieren.<N><N>Standardmäßig werden dafür die Pfeiltasten benutzt.",
"$TIP_80_TITLE","Kampfeffekte",
"$TIP_80_TEXT","Die Farben der hüpfenden Zahlen kennzeichnen den Schadenstyp. Weiß ist normal, grau ist durch Rüstung reduziert, rot ist blutend, orange Feuer, lila Gift und groß bedeutet einen kritischen Treffer.<N><N>Du kannst sie in den Optionen unter „Sonstiges“ an- und ausschalten.",
"$TIP_90_TITLE","Einzigartige Gegenstände",
"$TIP_90_TEXT","Wenn du Level auf höheren Schwierigkeiten spielst, wirst du hin und wieder einzigartige Gegenstände finden. Diese sind mächtige Sammelgegenstände und können nicht in Geschäften verkauft werden.",
"$TIP_100_TITLE","Zurückrufen",
"$TIP_100_TEXT","Beschworene Verteidiger zurückzurufen gibt einen Teil des ausgegebenen Psis wieder.<N><N>Die Menge an Psi ist geringer, wenn der Verteidiger verletzt ist.",
"$TIP_110_TITLE","Barrierefreiheit",
"$TIP_110_TEXT","Falls du physische Behinderungen hast, schau dir die folgenden Optionen an:<N><N>1) Video – spiele im Vollbildmodus, vergrößere das Bild<N>2) Steuerung – Ändere die Steuerung<N>3) Schwierigkeit – ändere Effekte, Spielgeschwindigkeit und den Erfahrungs-Multiplikator",
"$TIP_120_TITLE","Öffentliche Bekanntmachung",
"$TIP_120_TEXT","Dieser Hinweis ist lediglich eingebaut, damit niemand versucht, Code zu analysieren oder Enigmas zu dechiffieren.",
"$TIP_130_TITLE","Zieloptionen",
"$TIP_130_TEXT","Wenn du auf einen Verteidiger klickst, kannst du dessen Zieloptionen so einstellen, dass dieser Gegner, die vorne, hinten, stark, schwach oder schnell sind zu bevorzugen – benutze dies, um deine Attacken zu optimieren. Zum Beispiel kann dir „stark“ helfen, dich auf größere Einheiten zu konzentrieren oder um eine ganze Menge zu schwächen.",
"$TIP_140_TITLE","Erweitertes Zielen",
"$TIP_140_TEXT","Zusätzlich zu normalen Zieloptionen gibt es vier optionale Einstellungen:<N><N>1) Günstigste Technik <N>2) Effekte optimieren <N>3) Größte Chance <N>4) Bulldoggen-Modus<N><N>Diese sind nicht notwendig, können aber fortgeschrittenen Spielern helfen, ihre Kampfstrategien zu verbessern. Du kannst auch Standard-Zieloptionen für einen Charakter speichern!",
"$TIP_150_TITLE","Feuer und Eis",
"$TIP_150_TEXT","Feuer und Eis kommen nicht gut miteinander aus. Frost und Eis werden Feuer aufheben, Feuer wird Eis schmelzen und Frost aufheben.",
"$TIP_160_TITLE","Höhere Schwierigkeiten",
"$TIP_160_TEXT","Die „Fortgeschritten“- und „Extrem“-Schwierigkeiten sind üblicherweise zu schwer, um sofort ausprobiert zu werden.<N><N>Probiere sie aus, nachdem du die nächsten paar Level auf Normal geschafft hast.",
"$TIP_170_TITLE","Ausrüstung",
"$TIP_170_TEXT","Wenn du neue Ausrüstung für deine Helden kaufst, kannst du dein altes Zeug sehr gut an die anderen Gruppen-Mitglieder geben.",
"$TIP_180_TITLE","Stärke durch Menge",
"$TIP_180_TEXT","Verteidiger nah beieinander zu gruppieren führt dazu, dass Feinde ihre Attacken aufspalten, sodass es leichter für die Verteidiger ist, zu überleben.<N><N>Der Nachteil dieser Strategie ist, dass du weniger Fläche abdeckst.",
"$TIP_190_TITLE","Belohnungs-Multiplikator",
"$TIP_190_TEXT","Wenn du die Aufstiegsgeschwindigkeit des Spiels anpassen möchtest, kannst du den globalen Erfahrungs-Multiplikator in den Optionen ändern.<N><N>Die Standard-Einstellung ist 100%.<N><N>Du kannst auch den Multiplikator für Kram ändern.",
"$TIP_200_TITLE","Techniken ausschalten",
"$TIP_200_TEXT","Manchmal kann dir eine spezielle Technik Probleme bereiten (vielleicht schmelzen deine Drachen-Feuerbälle all dein Eis) oder du möchtest einfach eine starke Attacke für später aufsparen. Dann kannst du auf einen Verteidiger klicken und im Menü unten rechts auf die Technik klicken, um sie zu temporär zu deaktivieren.",
"$TIP_210_TITLE","Wo sind meine Spielstände?",
"$TIP_210_TEXT","Im Speichermenü gibt es einen Knopf mit Bild eines Ordners und einem Schraubenschlüssel.<N><N>Dieser wird dich zu dem Ordner bringen, in dem deine gespeicherten Spiele und Einstellungen gespeichert sind.",
"$TIP_220_TITLE","Neues Spiel+",
"$TIP_220_TEXT","Nachdem du das reguläre Spiel beendet hast, kannst du ein neues Abenteuer mit deiner alten Gruppe starten, eines mit schwierigeren Kämpfen und verrückten Belohnungen!<N><N>Begib dich zum Speicher-Bildschirm und wähle NEUES SPIEL+ bei deinem alten Speicherstand.",
"$TIP_230_TITLE","Verbesserungen",
"$TIP_230_TEXT","Im NS+-Modus kannst du besondere Artefakte verdienen, die du nutzen kannst, um einzigartige Ausrüstung aus dem normalen Spiel zu verbessern. Diese verbesserten Gegenstände haben besondere Kräfte!",
"$TIP_240_TITLE","Bonus-Missionen",
"$TIP_240_TEXT","Sobald du genügend Sterne verdient hast, wirst du anfangen, Bonuskämpfe freizuschalten. Diese besonderen Missionen haben extra Herausforderungen und extra Belohnungen.",
"$TIP_250_TITLE","Psi-Brand?",
"$TIP_250_TEXT","Der Blitzzauber hat „Psibrand“, was jedes Mal einen Teil des feindlichen Psis verbrennt. Falls der Zauber dem Feind 40% Schaden zufügt, wird 40% der ursprünglichen Psi-Belohnung entfernt.",
"$TIP_260_TITLE","Mod-Unterstützung",
"$TIP_260_TEXT","Wusstest du, dass du deine eigenen Mods (Modifikationen) für Defender's Quest machen kannst?<N><N>Clicke auf den großen „M“-Knopf im Speichermenü. Du kannst fast alles ändern – Eigenschaften, Level, Klassen, Charaktere, Zwischensequenzen, Grafiken, Gegenstände, etc.",
"$TIP_270_TITLE","Denk an deine Mutter",
"$TIP_270_TEXT","<N><N>Ruf deine Mutter an, sie vermisst dich.",
"$TYPE_DARK","Finster",
"$TYPE_SHEEP","Schaf",
"$TYPE_SPLITTER","Spalter",
"$TYPE_WORM","Wurm",
"$TYPE_BOSS","Boss",
"$TYPE_NORMAL","Normal",
"$TYPE_CULTIST","Kultist",
"$TYPE_WATER","Wasser",
"$TYPE_FAST","Schnell",
"$TYPE_SNAIL","Schnecke",
"$TYPE_REVENANT","Wiedergänger",
"$TYPE_ATTACKER","Angreifer",
"$TYPE_SPITTER","Spucker",
"$TYPE_NUKE_ON_KILL","BombeBeiTod",
"$TYPE_ARMOR","Gepanzert",
"$TYPE_STATIONARY","Stationär",
"$TYPE_TELEPORTER","Teleporter",
"$TYPE_EXALTED","Erhaben",
"$TYPE_NO_END_DAMAGE","KeinEndSchaden",
"$GETSCRAP1","Ein Haufen aus Müll, Fetzen, kaputten Werkzeugs, und scharfe Stücke schartigem, gerosteten Metalls. Wer könnte auch nur ansatzweise etwas davon wollen?",
"$GETSCRAP2","Anscheinend nutzen die Bewohner der Grube diesen Müll als Währung.",
"$END","Ende",
"$UI_MOVIE_END","Ende",
"$MISC_PROBLEM?","Problem?",
"$MISC_COUNTER","Konter",
